apicall_954834405d762e3b854af89d3841eb2a,طلب غير متوفر
appcheckabandonedcart_0259a1bb6da0603027485ebdec0e64e3,إعلام المرسلة بنجاح
appcheckabandonedcart_32cc9bac41739e0edebc83e239783807,تم تعطيل عربة إعداد المهجورة
appcheckabandonedcart_d5591d98b2f74d48205cfba7803045cf,أنت غير مفوض لدخول هذه الصفحة
apppayment_c91ceabee74d73ebaa1c93e38a108179,غير قادر على تحميل عربة، عربة معرف مفقود.
apppayment_02d12101fb0f9afa9e6edb0fef748a42,غير قادر على تحميل عربة، عربة غير صالحة.
apppayment_5189067f57ecc2a8b0fed9324bb808ca,عنوان الشحن غير صالح.
apppayment_208a75cceeac8424211bff23a9c5fae9,العملاء البريد الإلكتروني غير صالح
apppayment_dcf951059ca444f87d296d3b192783e6,العملاء مع هذه الرسالة غير موجودة
apppayment_dd6b089a49908d671c3e9cc8dc5899ae,رسالة غير صالحة
appaddaddress_5058fb0856b024c6a3c18d8e0c764157,تم تحديث عنوان الشحن بنجاح.
appaddaddress_51c3de87708e874610d18c0f70e525a3,تمت إضافة عنوان الشحن بنجاح.
appaddaddress_432100411a1c9a89bf06133afe8b96ce,حدث خطأ ما اثناء اضافة عنوانك.
appaddaddress_eeabead01c6c6f25f22bf0b041df58a9,يجب عليك تسجيل رقم هاتف واحد على الأقل.
appaddaddress_66ed24fd1b91e55ae0ad7fdb4ed251c7,هذا البلد يتطلب منك اختار دولة.
appaddaddress_3dc3fe315fc270e7425b12e157e4619d,هذا البلد غير نشط.
appaddaddress_78f66140209a4979028fb80f21be5a44,الرمز البريدي / الرمز البريدي كنت \ 'لقد أدخلته غير صالح. يجب أن تتبع هذا التنسيق:٪ ق
appaddaddress_50b668816d2acbdb62484bb5ea5d25ab,مطلوب الرمز البريدي / الرمز البريدي.
appaddaddress_e6c1e151f2554afad6c0d551046650e8,الرمز البريدي / الرمز البريدي غير صالح.
appaddaddress_7c77177e0084c27161d63e7de535a1c6,رقم تعريف غير صحيح أو أنه قد تم بالفعل استخدام.
appaddaddress_355169a606c66a6a39b8d23609f7329e,وقد تم بالفعل استخدام الاسم المستعار٪ الصورة. يرجى اختيار واحد آخر.
appaddaddress_a00acc9b49d721d1e3006715a0ce7014,عنوان البريد الإلكتروني غير صالح
appaddaddress_dcf951059ca444f87d296d3b192783e6,العملاء مع هذه الرسالة غير موجودة
appaddgiftwrapping_e61f52d02b9f52fbe1fd41ed320e29c3,العربة لم يتم العثور
appaddgiftwrapping_694e8d1f2ee056f98ee488bdc4982d73,كمية
appaddgiftwrapping_6665e3761028c84e1d228de3432229ed,SKU
appaddgiftwrapping_287234a1ff35a314b5b6bc4e5828e745,سمات
appaddgiftwrapping_604279a9bb5369542695f2ad9e6185ca,الأسعار الإجمالي (باستثناء الضرائب).
appaddgiftwrapping_ada0f55ef37f4928c5cd970f378c15e8,مجموع قسائم
appaddgiftwrapping_7c166105b10b8a6a0c0f1c6540f5cd5e,إجمالي هدية التفاف
appaddgiftwrapping_f4e8b53a114e5a17d051ab84d326cae5,إجمالي الشحن
appaddgiftwrapping_c6995d6cc084c192bc2e742f052a5c74,الشحن مجانا!
appaddgiftwrapping_b602e0d0c6a72053d0a5be60cb2f8126,مجموع الضريبة
appaddgiftwrapping_f3547ae5e06426d87312eff7dda775aa,السعر الكلي
appaddgiftwrapping_ec1f68c64fcaf8260cfacf58cd4d4af7,الاستفادة من العروض الحصرية لدينا
appaddtocart_d0be3f6fa5d819a2a4b8cbf33ed465fe,بيانات المنتج مفقود
appaddtocart_dfbe69c6d9568ecb0e65e7b32ed92a3a,الصنف غير موجود
appaddtocart_b771481cd2413f3944a8dd1a7336a7a6,رسالة غير صالحة
appaddtocart_884d700eec6bda171ce20acc5195fb3d,إضافة الحد الأدنى من كمية المنتج
appaddtocart_92a8d89d9ecdd91b4cc4566666b16a60,غير قادر على إضافة منتج في عربة
appaddtocart_d09302c4932f23969957f06289bfddb3,المنتج أضيف بنجاح
appaddtowishlist_64d3e466dc798bae867ca9044b65822e,غير قادر على تحميل المنتج
appaddtowishlist_ac588dbf1ea617c2628b10c2406e0ed0,وحدة مفضلة هي إما غير نشطة أو غير مثبت.
appaddtowishlist_b65db11517e70558e870ea4bc6dfbf0e,العملاء مع هذه الرسالة ليست موجودة.
appaddtowishlist_0e042db7a9a38d0d1c833dd4c141d77d,عنوان البريد الإلكتروني مفقود أو غير صالحة.
appaddtowishlist_6cba49b790757be59e258de6d28fa078,وأضاف المنتج لسلة
appapplydelayshipping_e61f52d02b9f52fbe1fd41ed320e29c3,العربة لم يتم العثور
appapplydelayshipping_694e8d1f2ee056f98ee488bdc4982d73,كمية
appapplydelayshipping_6665e3761028c84e1d228de3432229ed,SKU
appapplydelayshipping_287234a1ff35a314b5b6bc4e5828e745,سمات
appapplydelayshipping_604279a9bb5369542695f2ad9e6185ca,الأسعار الإجمالي (باستثناء الضرائب).
appapplydelayshipping_ada0f55ef37f4928c5cd970f378c15e8,مجموع قسائم
appapplydelayshipping_7c166105b10b8a6a0c0f1c6540f5cd5e,إجمالي هدية التفاف
appapplydelayshipping_f4e8b53a114e5a17d051ab84d326cae5,إجمالي الشحن
appapplydelayshipping_c6995d6cc084c192bc2e742f052a5c74,الشحن مجانا!
appapplydelayshipping_b602e0d0c6a72053d0a5be60cb2f8126,مجموع الضريبة
appapplydelayshipping_f3547ae5e06426d87312eff7dda775aa,السعر الكلي
appapplydelayshipping_824a96e60e7720c695e8c6f7abd856f4,مطلوب الحد الأدنى ما مجموعه شراء٪ 1S إلى التحقق من صحة طلبك، المجموع الحالي هو٪ 2S
appapplydelayshipping_ec1f68c64fcaf8260cfacf58cd4d4af7,الاستفادة من العروض الحصرية لدينا
appapplyvoucher_e61f52d02b9f52fbe1fd41ed320e29c3,العربة لم يتم العثور
appapplyvoucher_694e8d1f2ee056f98ee488bdc4982d73,كمية
appapplyvoucher_6665e3761028c84e1d228de3432229ed,SKU
appapplyvoucher_287234a1ff35a314b5b6bc4e5828e745,سمات
appapplyvoucher_604279a9bb5369542695f2ad9e6185ca,الأسعار الإجمالي (باستثناء الضرائب).
appapplyvoucher_ada0f55ef37f4928c5cd970f378c15e8,مجموع قسائم
appapplyvoucher_7c166105b10b8a6a0c0f1c6540f5cd5e,إجمالي هدية التفاف
appapplyvoucher_f4e8b53a114e5a17d051ab84d326cae5,إجمالي الشحن
appapplyvoucher_c6995d6cc084c192bc2e742f052a5c74,الشحن مجانا!
appapplyvoucher_b602e0d0c6a72053d0a5be60cb2f8126,مجموع الضريبة
appapplyvoucher_f3547ae5e06426d87312eff7dda775aa,السعر الكلي
appapplyvoucher_ec1f68c64fcaf8260cfacf58cd4d4af7,الاستفادة من العروض الحصرية لدينا
appapplyvoucher_e15b9d349af7453e81350c8ffd2a7615,يجب إدخال رمز القسيمة
appapplyvoucher_f49f486fa8a77bcf2d4506587422ed4f,رمز قسيمة غير صالح
appapplyvoucher_a866f5cd5e6f4bc4e3ccb09293101e4e,قسيمة تطبيق بنجاح إلى السلة
appapplyvoucher_e062b646b60fd5fffc3c21afe87eb2ce,هذه الميزة ليست فعالة لهذا قسيمة
appcheckorderstatus_dfcd44bdec4088a7597f5a3d85c6d5bf,غير قادر على تحميل العربة
appcheckorderstatus_430328c36edf7e197527273c216533a2,أجل أنشأتها هذه العربة
appcheckorderstatus_a00acc9b49d721d1e3006715a0ce7014,عنوان البريد الإلكتروني غير صالح
appcheckorderstatus_dcf951059ca444f87d296d3b192783e6,العملاء مع هذه الرسالة غير موجودة
appcheckout_3f324964e384daea4b317e5f179016df,معرف سلة مفقود
appcheckout_e61f52d02b9f52fbe1fd41ed320e29c3,العربة لم يتم العثور
appcheckout_694e8d1f2ee056f98ee488bdc4982d73,كمية
appcheckout_63d5049791d9d79d86e9a108b0a999ca,مرجع
appcheckout_287234a1ff35a314b5b6bc4e5828e745,سمات
appcheckout_da7a26ae7679cdec15e19468cdc4c66d,معلومات العربة المحملة بنجاح
appcheckout_604279a9bb5369542695f2ad9e6185ca,الأسعار الإجمالي (باستثناء الضرائب).
appcheckout_ada0f55ef37f4928c5cd970f378c15e8,مجموع قسائم
appcheckout_7c166105b10b8a6a0c0f1c6540f5cd5e,إجمالي هدية التفاف
appcheckout_f4e8b53a114e5a17d051ab84d326cae5,إجمالي الشحن
appcheckout_c6995d6cc084c192bc2e742f052a5c74,الشحن مجانا!
appcheckout_b602e0d0c6a72053d0a5be60cb2f8126,مجموع الضريبة
appcheckout_f3547ae5e06426d87312eff7dda775aa,السعر الكلي
appcheckout_f633584ed6ab75aa538bdf7c9269aac1,(تكلفه اضافيه ل
appcheckout_a00acc9b49d721d1e3006715a0ce7014,عنوان البريد الإلكتروني غير صالح
appcheckout_dcf951059ca444f87d296d3b192783e6,العملاء مع هذه الرسالة غير موجودة
appcheckout_04f20f929ad93c8a94dbf706e05a9bd6,غير قادر على الحصول على تفاصيل عنوان الشحن
appcheckout_700c53d8cec1b1e9cf6c247944126166,حدث خطأ أثناء تحديث عربة التسوق.
appcheckout_78c46e5c6e68799668e5b0af361e8e5d,لا توجد شركات التي تقدم لبعض العناوين التي حددتها.
appcheckout_3ce77aba56f064e8e177a01a7d88d415,لا توجد شركات التي تقدم إلى عنوان واحد الذي حددته.
appcheckout_d049e05d0babc4c1643c4b36397be24d,لا توجد شركات التي تقدم إلى العنوان الذي حددته.
appcheckout_51dfe3dfbcd0ea5974aba6663a660a2b,لا أسلوب التسليم المطلوبة
appcheckout_b24ce0cd392a5b0b8dedc66c25213594,حر
appcheckout_6e15f72a51837e528df003792a367360,لا أسلوب التسليم المتاحة
appcheckout_e01c4498102e120635a233f6ece469da,غير قادر على الحصول على تفاصيل عنوان الفواتير
appcore_453584dcf31a45f1a2285e736091ab88,تم تعطيل وحدة التطبيقات النقالة.
appcore_eef6d0bfb2baac0933acaeb8386f3bf3,وحدة التطبيقات النقالة هي إما غير نشطة أو غير مثبت.
appcore_de0d079814594c9a07785c5433b7830f,غير قادر على الحصول على قائمة المنتجات
appcreateorder_3f324964e384daea4b317e5f179016df,معرف سلة مفقود
appcreateorder_e61f52d02b9f52fbe1fd41ed320e29c3,العربة لم يتم العثور
appcreateorder_a00acc9b49d721d1e3006715a0ce7014,عنوان البريد الإلكتروني غير صالح
appcreateorder_dcf951059ca444f87d296d3b192783e6,العملاء مع هذه الرسالة غير موجودة
appcreateorder_04d56d3845162acfb694a4a9e43652d2,يمكن \ 'ر تحميل حالة الطلب
appcreateorder_bd46744c55c6dcf066dd125fedf954a6,لا يتطابق مفتاح آمنة
appcreateorder_cd53515e3ac8aaa8cbef5e3d66d934e1,CartRule المستخدمة في هذه العربة غير صالحة وتم سحبها من عربة
appcreateorder_9056f5dba2507645e07d0c7b55c74c90,السلة فارغة.
appcreateorder_f7328eec8ea840e9eeafae3766e4bca9,البلد عنوان التسليم ليست نشطة.
appcreateorder_21117dd42fc79f46a81ccb5f7d66c460,لا يمكن إنشاء ترتيب
appcreateorder_a6addeb40ed0462485e6e95ba6def81f,خطأ في دفع النظام الادخار
appcreateorder_845c771e8459c46db334e5ad7bbad9b8,أجل مكون بنجاح
appcreateorder_b08d3867be98e6fff3233cd40ab8134a,فشل إنشاء ترتيب
appcreateorder_43423b4056880b08f2c9aa50d8670531,العربة لا يمكن تحميل أو تم بالفعل وضع أمر باستخدام هذه العربة
appforgotpassword_e267e2be02cf3e29f4ba53b5d97cf78a,عنوان البريد الإلكتروني غير صالح.
appforgotpassword_b51cb75f23091c0f98bea54ae7615080,ليس هناك حساب مسجل لعنوان البريد الإلكتروني هذا.
appforgotpassword_194496a52d41fba1c9e6140c4eb34f83,لا يمكنك تجديد كلمة المرور لهذا الحساب.
appforgotpassword_922dc0515643fb69585b67281692644a,يمكنك تجديد كلمة المرور الخاصة بك فقط كل٪ d دقيقة (ق)
appforgotpassword_62a0ad9b46a5eed332c032b0c11ce07a,تم إرسال رسالة تأكيد بالبريد الإلكتروني إلى عنوان بريدك الإلكتروني:
appforgotpassword_6e2fc94479ac0c63543886a235e3370c,حدث خطأ أثناء إرسال البريد الإلكتروني.
appforgotpassword_ea3729ee448ef1d87bd298843f658749,لم يتم تعيين المعلمة البريد الإلكتروني
appgetaddressdetails_69fb27bd2e44f47a9ae98aa1695df278,غير قادر على تحميل عنوان
appgetaddressdetails_c462960a6bd53db34f778d0562703ad3,ظريبه الشراء
appgetaddressdetails_b60bb13a87fe3ae5463aeb0980a5a8a1,رقم الهوية
appgetaddressdetails_e4eb5dadb6ee84c5c55a8edf53f6e554,الرمز البريدي / الرمز البريدي
appgetaddressdetails_20db0bfeecd8fe60533206a2b5e9891a,الاسم الاول
appgetaddressdetails_8d3f5eff9c40ee315d452392bed5309b,الكنية
appgetaddressdetails_dd7bf230fde8d4836917806aff6a6b27,عنوان
appgetaddressdetails_846a54955f32846032981f8fe48c35ff,سطر العنوان 2)
appgetaddressdetails_57d056ed0984166336b7879c2af3657f,مدينة
appgetaddressdetails_59716c97497eb9694541f7c3d37b1a4d,بلد
appgetaddressdetails_46a2a41cc6e552044816a2d04634545d,حالة
appgetaddressdetails_1c76cbfe21c6f44c1d1e59d54f3e4420,شركة
appgetaddressdetails_fe66abce284ec8589e7d791185b5c442,هاتف المنزل
appgetaddressdetails_41c2fff4867cc204120f001e7af20f7a,هاتف محمول
appgetaddressdetails_0f68b904e33d9ac04605aecc958bcf52,معلومة اضافية
appgetaddressdetails_711ccfcebd3f316fa55e127061a1044a,عنوان عنوان
appgetaddressdetails_37e084acb152f3e6a5877f861e08819e,عنوان تحميل بنجاح
appgetaddressform_c462960a6bd53db34f778d0562703ad3,ظريبه الشراء
appgetaddressform_b60bb13a87fe3ae5463aeb0980a5a8a1,رقم الهوية
appgetaddressform_e4eb5dadb6ee84c5c55a8edf53f6e554,الرمز البريدي / الرمز البريدي
appgetaddressform_20db0bfeecd8fe60533206a2b5e9891a,الاسم الاول
appgetaddressform_8d3f5eff9c40ee315d452392bed5309b,الكنية
appgetaddressform_dd7bf230fde8d4836917806aff6a6b27,عنوان
appgetaddressform_846a54955f32846032981f8fe48c35ff,سطر العنوان 2)
appgetaddressform_57d056ed0984166336b7879c2af3657f,مدينة
appgetaddressform_59716c97497eb9694541f7c3d37b1a4d,بلد
appgetaddressform_46a2a41cc6e552044816a2d04634545d,حالة
appgetaddressform_1c76cbfe21c6f44c1d1e59d54f3e4420,شركة
appgetaddressform_fe66abce284ec8589e7d791185b5c442,هاتف المنزل
appgetaddressform_41c2fff4867cc204120f001e7af20f7a,هاتف محمول
appgetaddressform_0f68b904e33d9ac04605aecc958bcf52,معلومة اضافية
appgetaddressform_711ccfcebd3f316fa55e127061a1044a,عنوان عنوان
appgetaddressform_958a1c94f27df673dc5b258b2b0cc528,غير قادر على الحصول الدولة لشؤون البلد
appgetaddressform_69fb27bd2e44f47a9ae98aa1695df278,غير قادر على تحميل عنوان
appgetaddressform_37e084acb152f3e6a5877f861e08819e,عنوان تحميل بنجاح
appgetcartdetails_08d0d87bfba2d0c58c04494fc2143cad,آسف. معرف سلة مفقود
appgetcartdetails_56ca67fde405db4d75fb5fc3350db81b,آسف. لا يمكننا تجديد طلبك.
appgetcartdetails_b22604f6ddd3fb79ff38568a5a0141e0,بعض البنود لم تعد متوفرة، ونحن غير قادرين على تجديد طلبك.
appgetcartdetails_e61f52d02b9f52fbe1fd41ed320e29c3,العربة لم يتم العثور
appgetcartdetails_694e8d1f2ee056f98ee488bdc4982d73,كمية
appgetcartdetails_6665e3761028c84e1d228de3432229ed,SKU
appgetcartdetails_287234a1ff35a314b5b6bc4e5828e745,سمات
appgetcartdetails_604279a9bb5369542695f2ad9e6185ca,الأسعار الإجمالي (باستثناء الضرائب).
appgetcartdetails_ada0f55ef37f4928c5cd970f378c15e8,مجموع قسائم
appgetcartdetails_7c166105b10b8a6a0c0f1c6540f5cd5e,إجمالي هدية التفاف
appgetcartdetails_f4e8b53a114e5a17d051ab84d326cae5,إجمالي الشحن
appgetcartdetails_c6995d6cc084c192bc2e742f052a5c74,الشحن مجانا!
appgetcartdetails_b602e0d0c6a72053d0a5be60cb2f8126,مجموع الضريبة
appgetcartdetails_f3547ae5e06426d87312eff7dda775aa,السعر الكلي
appgetcartdetails_ec1f68c64fcaf8260cfacf58cd4d4af7,الاستفادة من العروض الحصرية لدينا
appgetcategorydetails_b22529647cbe4f4d260f349baec9d630,فئة معرف مفقود
appgetcategorydetails_bd964ff97bc91ddd97289acc711b84f9,البحث عن مصطلح مفقود
appgetcustomeraddress_a00acc9b49d721d1e3006715a0ce7014,عنوان البريد الإلكتروني غير صالح
appgetcustomeraddress_18dc0570e2b85b76ff5773027fd75248,العميل لا يوجد لعنوان البريد الإلكتروني هذا.
appgetfilters_b22529647cbe4f4d260f349baec9d630,فئة معرف مفقود
appgetfilters_bd964ff97bc91ddd97289acc711b84f9,البحث عن مصطلح مفقود
appgethome_cf75826aa860140d05ad30996cf175e8,أعلى المتزلجون
appgethome_2d9b9a764fb0be4be10e1b2fce63f561,المنزلق
appgethome_7c0ad572fae721669da32e4ef439c1b4,أعلى الرايات
appgethome_6ff29916f99fff9d2494d28e721ae77e,راية
appgethome_9a90d6756768c9c8b41e0db9a384c251,ميزة المنتجات
appgethome_1276c482cb32edf4fce51761a9792716,المنتجات الخاصة
appgethome_26e2d291250a79cb9d62ae299ff7fffa,أكثر الكتب مبيعا المنتجات
appgethome_31d26a6487e08357bd771619e894b0c6,القادمون الجدد
appgethome_dfcd44bdec4088a7597f5a3d85c6d5bf,غير قادر على تحميل العربة
appgethome_430328c36edf7e197527273c216533a2,أجل أنشأتها هذه العربة
appgetmobilepaymentmethods_98ce442fb183c4de4fbe7d67e056b117,عدم تمكين أي طرق الدفع
appgetmobilepaymentmethods_5b7d532d6e7746d362b89e27cdb51a36,تم تكوين أية أساليب الدفع
appgetorderdetails_a237560ece5935da47dd1c9b1cea4d19,أجل معرف مفقود
appgetorderdetails_5f34ed748b73efce4af2b84461f86d51,غير قادر على تحميل تفاصيل الطلب
appgetorders_ca3e85454678003dbdba2fbbb34ec11d,غير قادر على تحميل التاريخ الترتيب
appgetorders_a00acc9b49d721d1e3006715a0ce7014,عنوان البريد الإلكتروني غير صالح
appgetorders_dcf951059ca444f87d296d3b192783e6,العملاء مع هذه الرسالة غير موجودة
appgetorders_694e8d1f2ee056f98ee488bdc4982d73,كمية
appgetorders_6665e3761028c84e1d228de3432229ed,SKU
appgetproductdetails_04ed5396be771c71ecc89b3beb627684,معرف المنتج مفقود
appgetproductdetails_dfbe69c6d9568ecb0e65e7b32ed92a3a,الصنف غير موجود
appgetproductdetails_1be6f9eb563f3bf85c78b4219bf09de9,علامة تجارية
appgetproductdetails_6665e3761028c84e1d228de3432229ed,SKU
appgetproductdetails_9e2941b3c81256fac10392aaca4ccfde,شرط
appgetproductdetails_db5963a70dd965e53337043be1dcb991,هذا المنتج غير متوفر على التطبيقات كما فعلت ملف مجال التخصيص.
appgetprofile_a00acc9b49d721d1e3006715a0ce7014,عنوان البريد الإلكتروني غير صالح
appgetprofile_dcf951059ca444f87d296d3b192783e6,العملاء مع هذه الرسالة غير موجودة
appgetregions_958a1c94f27df673dc5b258b2b0cc528,غير قادر على الحصول الدولة لشؤون البلد
appgetwishlist_ac588dbf1ea617c2628b10c2406e0ed0,وحدة مفضلة هي إما غير نشطة أو غير مثبت.
appgetwishlist_b65db11517e70558e870ea4bc6dfbf0e,العملاء مع هذه الرسالة ليست موجودة.
appgetwishlist_0e042db7a9a38d0d1c833dd4c141d77d,عنوان البريد الإلكتروني مفقود أو غير صالحة.
appgetwishlist_9db509ecd7d739938fdc3dda8bc12bc9,لم يتم العثور على المنتج في سلة
appguestregistration_164b06b3d14521584edbc4dda05b220d,يرجى تقديم عنوان البريد الإلكتروني
appguestregistration_e267e2be02cf3e29f4ba53b5d97cf78a,عنوان البريد الإلكتروني غير صالح.
appguestregistration_db8a6a25796eff7d9010bfe3774c2382,وقد تم بالفعل تسجيل حساب باستخدام عنوان البريد الإلكتروني هذا.
applogin_96550f206ccd1c321be787e4f1875ed4,عنوان البريد الإلكتروني المطلوب.
applogin_e267e2be02cf3e29f4ba53b5d97cf78a,عنوان البريد الإلكتروني غير صالح.
applogin_20aedd1e6de4dcf8d115b5a7424c58d7,كلمة المرور مطلوبة.
applogin_e388a72d1abdd7af5f08b44ff698afbe,رمز مرور خاطئ.
applogin_47d03b2e9a827c42170ba95d35af06d2,يسن حسابك \ 'ر متوفرة في هذا الوقت.
applogin_802b207b05fe5cea22e11b9db804b33d,المصادقة فشلت.
applogin_23449e6c6fb211fb8bf12eae126cf555,تسجيل دخول المستخدم بنجاح
appregisteruser_7ffc7db3c8072a468937761b9fa9583c,الاسم الأول غير صالح.
appregisteruser_5226b39ad81c6d482af27920b0d532ae,صالح اسم العائلة.
appregisteruser_e267e2be02cf3e29f4ba53b5d97cf78a,عنوان البريد الإلكتروني غير صالح.
appregisteruser_e388a72d1abdd7af5f08b44ff698afbe,رمز مرور خاطئ.
appregisteruser_0984b2c0c7aa81adae4ab22b4c39d350,بيانات العملاء غير متوفر.
appregisteruser_db8a6a25796eff7d9010bfe3774c2382,وقد تم بالفعل تسجيل حساب باستخدام عنوان البريد الإلكتروني هذا.
appregisteruser_52255315e18d82f8e728722aae90ed1e,العميل مكون بنجاح.
appremovedelayshipping_e61f52d02b9f52fbe1fd41ed320e29c3,العربة لم يتم العثور
appremovedelayshipping_694e8d1f2ee056f98ee488bdc4982d73,كمية
appremovedelayshipping_6665e3761028c84e1d228de3432229ed,SKU
appremovedelayshipping_287234a1ff35a314b5b6bc4e5828e745,سمات
appremovedelayshipping_604279a9bb5369542695f2ad9e6185ca,الأسعار الإجمالي (باستثناء الضرائب).
appremovedelayshipping_ada0f55ef37f4928c5cd970f378c15e8,مجموع قسائم
appremovedelayshipping_7c166105b10b8a6a0c0f1c6540f5cd5e,إجمالي هدية التفاف
appremovedelayshipping_f4e8b53a114e5a17d051ab84d326cae5,إجمالي الشحن
appremovedelayshipping_c6995d6cc084c192bc2e742f052a5c74,الشحن مجانا!
appremovedelayshipping_b602e0d0c6a72053d0a5be60cb2f8126,مجموع الضريبة
appremovedelayshipping_f3547ae5e06426d87312eff7dda775aa,السعر الكلي
appremovedelayshipping_ec1f68c64fcaf8260cfacf58cd4d4af7,الاستفادة من العروض الحصرية لدينا
appremovegiftwrapping_e61f52d02b9f52fbe1fd41ed320e29c3,العربة لم يتم العثور
appremovegiftwrapping_694e8d1f2ee056f98ee488bdc4982d73,كمية
appremovegiftwrapping_6665e3761028c84e1d228de3432229ed,SKU
appremovegiftwrapping_287234a1ff35a314b5b6bc4e5828e745,سمات
appremovegiftwrapping_604279a9bb5369542695f2ad9e6185ca,الأسعار الإجمالي (باستثناء الضرائب).
appremovegiftwrapping_ada0f55ef37f4928c5cd970f378c15e8,مجموع قسائم
appremovegiftwrapping_7c166105b10b8a6a0c0f1c6540f5cd5e,إجمالي هدية التفاف
appremovegiftwrapping_f4e8b53a114e5a17d051ab84d326cae5,إجمالي الشحن
appremovegiftwrapping_c6995d6cc084c192bc2e742f052a5c74,الشحن مجانا!
appremovegiftwrapping_b602e0d0c6a72053d0a5be60cb2f8126,مجموع الضريبة
appremovegiftwrapping_f3547ae5e06426d87312eff7dda775aa,السعر الكلي
appremovegiftwrapping_ec1f68c64fcaf8260cfacf58cd4d4af7,الاستفادة من العروض الحصرية لدينا
appremoveproduct_e61f52d02b9f52fbe1fd41ed320e29c3,العربة لم يتم العثور
appremoveproduct_694e8d1f2ee056f98ee488bdc4982d73,كمية
appremoveproduct_6665e3761028c84e1d228de3432229ed,SKU
appremoveproduct_287234a1ff35a314b5b6bc4e5828e745,سمات
appremoveproduct_604279a9bb5369542695f2ad9e6185ca,الأسعار الإجمالي (باستثناء الضرائب).
appremoveproduct_ada0f55ef37f4928c5cd970f378c15e8,مجموع قسائم
appremoveproduct_7c166105b10b8a6a0c0f1c6540f5cd5e,إجمالي هدية التفاف
appremoveproduct_f4e8b53a114e5a17d051ab84d326cae5,إجمالي الشحن
appremoveproduct_c6995d6cc084c192bc2e742f052a5c74,الشحن مجانا!
appremoveproduct_b602e0d0c6a72053d0a5be60cb2f8126,مجموع الضريبة
appremoveproduct_f3547ae5e06426d87312eff7dda775aa,السعر الكلي
appremoveproduct_824a96e60e7720c695e8c6f7abd856f4,مطلوب الحد الأدنى ما مجموعه شراء٪ 1S إلى التحقق من صحة طلبك، المجموع الحالي هو٪ 2S
appremoveproduct_ec1f68c64fcaf8260cfacf58cd4d4af7,الاستفادة من العروض الحصرية لدينا
appremoveproduct_83af0c74c4cd7eef63a11d3ba7e48fda,بيانات المنتج مفقود.
appremoveproduct_f7ac9125e391518b45badf32ca5b152b,المنتج رقم مفقود.
appremoveproduct_dfbe69c6d9568ecb0e65e7b32ed92a3a,الصنف غير موجود
appremoveproduct_0d38c90d843c787c0be14f790998210c,يجب إضافة٪ د أدنى كمية
appremoveproduct_3a3f4a8eb22f25c672d3af4e42df7d33,حذف المنتج بنجاح
appremovevoucher_e61f52d02b9f52fbe1fd41ed320e29c3,العربة لم يتم العثور
appremovevoucher_694e8d1f2ee056f98ee488bdc4982d73,كمية
appremovevoucher_6665e3761028c84e1d228de3432229ed,SKU
appremovevoucher_287234a1ff35a314b5b6bc4e5828e745,سمات
appremovevoucher_604279a9bb5369542695f2ad9e6185ca,الأسعار الإجمالي (باستثناء الضرائب).
appremovevoucher_ada0f55ef37f4928c5cd970f378c15e8,مجموع قسائم
appremovevoucher_7c166105b10b8a6a0c0f1c6540f5cd5e,إجمالي هدية التفاف
appremovevoucher_f4e8b53a114e5a17d051ab84d326cae5,إجمالي الشحن
appremovevoucher_c6995d6cc084c192bc2e742f052a5c74,الشحن مجانا!
appremovevoucher_b602e0d0c6a72053d0a5be60cb2f8126,مجموع الضريبة
appremovevoucher_f3547ae5e06426d87312eff7dda775aa,السعر الكلي
appremovevoucher_824a96e60e7720c695e8c6f7abd856f4,مطلوب الحد الأدنى ما مجموعه شراء٪ 1S إلى التحقق من صحة طلبك، المجموع الحالي هو٪ 2S
appremovevoucher_ec1f68c64fcaf8260cfacf58cd4d4af7,الاستفادة من العروض الحصرية لدينا
appremovevoucher_b718489ea250655f5a6de41d6ad9539e,قسيمة إزالة بنجاح
appremovevoucher_15bddec15f9c9237c333ed66cf65baf6,حدث خطأ أثناء إزالة قسيمة
appremovewishlist_64d3e466dc798bae867ca9044b65822e,غير قادر على تحميل المنتج
appremovewishlist_ac588dbf1ea617c2628b10c2406e0ed0,وحدة مفضلة هي إما غير نشطة أو غير مثبت.
appremovewishlist_b65db11517e70558e870ea4bc6dfbf0e,العملاء مع هذه الرسالة ليست موجودة.
appremovewishlist_0e042db7a9a38d0d1c833dd4c141d77d,عنوان البريد الإلكتروني مفقود أو غير صالحة.
appremovewishlist_956d818758e07660a5885268e15c92a9,إزالة المنتجات من سلة
appreorder_56ca67fde405db4d75fb5fc3350db81b,آسف. لا يمكننا تجديد طلبك.
appreorder_b22604f6ddd3fb79ff38568a5a0141e0,بعض البنود لم تعد متوفرة، ونحن غير قادرين على تجديد طلبك.
appreorder_1c5fea3a8662e49ee07edf2b7fd22eb5,آسف. لا يمكننا تجديد طلبك. ترتيب رقم مفقود
appreorder_e61f52d02b9f52fbe1fd41ed320e29c3,العربة لم يتم العثور
appreorder_694e8d1f2ee056f98ee488bdc4982d73,كمية
appreorder_6665e3761028c84e1d228de3432229ed,SKU
appreorder_287234a1ff35a314b5b6bc4e5828e745,سمات
appreorder_604279a9bb5369542695f2ad9e6185ca,الأسعار الإجمالي (باستثناء الضرائب).
appreorder_ada0f55ef37f4928c5cd970f378c15e8,مجموع قسائم
appreorder_7c166105b10b8a6a0c0f1c6540f5cd5e,إجمالي هدية التفاف
appreorder_f4e8b53a114e5a17d051ab84d326cae5,إجمالي الشحن
appreorder_c6995d6cc084c192bc2e742f052a5c74,الشحن مجانا!
appreorder_b602e0d0c6a72053d0a5be60cb2f8126,مجموع الضريبة
appreorder_f3547ae5e06426d87312eff7dda775aa,السعر الكلي
appreorder_824a96e60e7720c695e8c6f7abd856f4,مطلوب الحد الأدنى ما مجموعه شراء٪ 1S إلى التحقق من صحة طلبك، المجموع الحالي هو٪ 2S
appreorder_ec1f68c64fcaf8260cfacf58cd4d4af7,الاستفادة من العروض الحصرية لدينا
appsavegiftmessage_e61f52d02b9f52fbe1fd41ed320e29c3,العربة لم يتم العثور
appsavegiftmessage_15bddec15f9c9237c333ed66cf65baf6,حدث خطأ أثناء إزالة قسيمة
appsavegiftmessage_4af3f045da697ee7929661dd4dde0242,رسالة هدية حفظ
appsavegiftmessage_694e8d1f2ee056f98ee488bdc4982d73,كمية
appsavegiftmessage_6665e3761028c84e1d228de3432229ed,SKU
appsavegiftmessage_287234a1ff35a314b5b6bc4e5828e745,سمات
appsavegiftmessage_604279a9bb5369542695f2ad9e6185ca,الأسعار الإجمالي (باستثناء الضرائب).
appsavegiftmessage_ada0f55ef37f4928c5cd970f378c15e8,مجموع قسائم
appsavegiftmessage_7c166105b10b8a6a0c0f1c6540f5cd5e,إجمالي هدية التفاف
appsavegiftmessage_f4e8b53a114e5a17d051ab84d326cae5,إجمالي الشحن
appsavegiftmessage_c6995d6cc084c192bc2e742f052a5c74,الشحن مجانا!
appsavegiftmessage_b602e0d0c6a72053d0a5be60cb2f8126,مجموع الضريبة
appsavegiftmessage_f3547ae5e06426d87312eff7dda775aa,السعر الكلي
appsavegiftmessage_824a96e60e7720c695e8c6f7abd856f4,مطلوب الحد الأدنى ما مجموعه شراء٪ 1S إلى التحقق من صحة طلبك، المجموع الحالي هو٪ 2S
appsavegiftmessage_ec1f68c64fcaf8260cfacf58cd4d4af7,الاستفادة من العروض الحصرية لدينا
appsetbillingaddress_3f324964e384daea4b317e5f179016df,معرف سلة مفقود
appsetbillingaddress_e61f52d02b9f52fbe1fd41ed320e29c3,العربة لم يتم العثور
appsetbillingaddress_694e8d1f2ee056f98ee488bdc4982d73,كمية
appsetbillingaddress_63d5049791d9d79d86e9a108b0a999ca,مرجع
appsetbillingaddress_287234a1ff35a314b5b6bc4e5828e745,سمات
appsetbillingaddress_da7a26ae7679cdec15e19468cdc4c66d,معلومات العربة المحملة بنجاح
appsetbillingaddress_604279a9bb5369542695f2ad9e6185ca,الأسعار الإجمالي (باستثناء الضرائب).
appsetbillingaddress_ada0f55ef37f4928c5cd970f378c15e8,مجموع قسائم
appsetbillingaddress_7c166105b10b8a6a0c0f1c6540f5cd5e,إجمالي هدية التفاف
appsetbillingaddress_f4e8b53a114e5a17d051ab84d326cae5,إجمالي الشحن
appsetbillingaddress_c6995d6cc084c192bc2e742f052a5c74,الشحن مجانا!
appsetbillingaddress_b602e0d0c6a72053d0a5be60cb2f8126,مجموع الضريبة
appsetbillingaddress_f3547ae5e06426d87312eff7dda775aa,السعر الكلي
appsetbillingaddress_f633584ed6ab75aa538bdf7c9269aac1,(تكلفه اضافيه ل
appsetbillingaddress_bf804c0fa1807646b297f7be6843138f,مطلوب الحد الأدنى ما مجموعه شراء٪ 1S إلى التحقق من صحة طلبك، مجموعه شراء الحالي هو 2S٪
appsetbillingaddress_a00acc9b49d721d1e3006715a0ce7014,عنوان البريد الإلكتروني غير صالح
appsetbillingaddress_dcf951059ca444f87d296d3b192783e6,العملاء مع هذه الرسالة غير موجودة
appsetbillingaddress_04f20f929ad93c8a94dbf706e05a9bd6,غير قادر على الحصول على تفاصيل عنوان الشحن
appsetbillingaddress_700c53d8cec1b1e9cf6c247944126166,حدث خطأ أثناء تحديث عربة التسوق.
appsetbillingaddress_0383858ad9a560ca2ecb8066c1681807,لا يمكن أن يتم تسليم اختيار المنتج من قبل الناقل المتاحة (ق): أنها ثقيلة جدا. يرجى تعديل عربة التسوق لخفض وزنه.
appsetbillingaddress_942649e42a59a56bd717acc3fed307b8,لا يمكن أن يتم تسليم اختيار المنتج من قبل الناقل المتاحة (ق). يرجى تعديل عربة التسوق.
appsetbillingaddress_7c013b3defbf4cec9cd69f2e99a8d84c,لا يمكن أن يتم تسليم اختيار المنتج من قبل الناقل المتاحة (ق): لا يصلح حجمها. يرجى تعديل عربة التسوق لتقليل حجمها.
appsetbillingaddress_78c46e5c6e68799668e5b0af361e8e5d,لا توجد شركات التي تقدم لبعض العناوين التي حددتها.
appsetbillingaddress_3ce77aba56f064e8e177a01a7d88d415,لا توجد شركات التي تقدم إلى عنوان واحد الذي حددته.
appsetbillingaddress_d049e05d0babc4c1643c4b36397be24d,لا توجد شركات التي تقدم إلى العنوان الذي حددته.
appsetbillingaddress_51dfe3dfbcd0ea5974aba6663a660a2b,لا أسلوب التسليم المطلوبة
appsetbillingaddress_b24ce0cd392a5b0b8dedc66c25213594,حر
appsetbillingaddress_6e15f72a51837e528df003792a367360,لا أسلوب التسليم المتاحة
appsetbillingaddress_e01c4498102e120635a233f6ece469da,غير قادر على الحصول على تفاصيل عنوان الفواتير
appsetshippingaddress_3f324964e384daea4b317e5f179016df,معرف سلة مفقود
appsetshippingaddress_e61f52d02b9f52fbe1fd41ed320e29c3,العربة لم يتم العثور
appsetshippingaddress_694e8d1f2ee056f98ee488bdc4982d73,كمية
appsetshippingaddress_63d5049791d9d79d86e9a108b0a999ca,مرجع
appsetshippingaddress_287234a1ff35a314b5b6bc4e5828e745,سمات
appsetshippingaddress_da7a26ae7679cdec15e19468cdc4c66d,معلومات العربة المحملة بنجاح
appsetshippingaddress_604279a9bb5369542695f2ad9e6185ca,الأسعار الإجمالي (باستثناء الضرائب).
appsetshippingaddress_ada0f55ef37f4928c5cd970f378c15e8,مجموع قسائم
appsetshippingaddress_7c166105b10b8a6a0c0f1c6540f5cd5e,إجمالي هدية التفاف
appsetshippingaddress_f4e8b53a114e5a17d051ab84d326cae5,إجمالي الشحن
appsetshippingaddress_c6995d6cc084c192bc2e742f052a5c74,الشحن مجانا!
appsetshippingaddress_b602e0d0c6a72053d0a5be60cb2f8126,مجموع الضريبة
appsetshippingaddress_f3547ae5e06426d87312eff7dda775aa,السعر الكلي
appsetshippingaddress_f633584ed6ab75aa538bdf7c9269aac1,(تكلفه اضافيه ل
appsetshippingaddress_bf804c0fa1807646b297f7be6843138f,مطلوب الحد الأدنى ما مجموعه شراء٪ 1S إلى التحقق من صحة طلبك، مجموعه شراء الحالي هو 2S٪
appsetshippingaddress_a00acc9b49d721d1e3006715a0ce7014,عنوان البريد الإلكتروني غير صالح
appsetshippingaddress_dcf951059ca444f87d296d3b192783e6,العملاء مع هذه الرسالة غير موجودة
appsetshippingaddress_04f20f929ad93c8a94dbf706e05a9bd6,غير قادر على الحصول على تفاصيل عنوان الشحن
appsetshippingaddress_700c53d8cec1b1e9cf6c247944126166,حدث خطأ أثناء تحديث عربة التسوق.
appsetshippingaddress_0383858ad9a560ca2ecb8066c1681807,لا يمكن أن يتم تسليم اختيار المنتج من قبل الناقل المتاحة (ق): أنها ثقيلة جدا. يرجى تعديل عربة التسوق لخفض وزنه.
appsetshippingaddress_942649e42a59a56bd717acc3fed307b8,لا يمكن أن يتم تسليم اختيار المنتج من قبل الناقل المتاحة (ق). يرجى تعديل عربة التسوق.
appsetshippingaddress_7c013b3defbf4cec9cd69f2e99a8d84c,لا يمكن أن يتم تسليم اختيار المنتج من قبل الناقل المتاحة (ق): لا يصلح حجمها. يرجى تعديل عربة التسوق لتقليل حجمها.
appsetshippingaddress_78c46e5c6e68799668e5b0af361e8e5d,لا توجد شركات التي تقدم لبعض العناوين التي حددتها.
appsetshippingaddress_3ce77aba56f064e8e177a01a7d88d415,لا توجد شركات التي تقدم إلى عنوان واحد الذي حددته.
appsetshippingaddress_d049e05d0babc4c1643c4b36397be24d,لا توجد شركات التي تقدم إلى العنوان الذي حددته.
appsetshippingaddress_51dfe3dfbcd0ea5974aba6663a660a2b,لا أسلوب التسليم المطلوبة
appsetshippingaddress_b24ce0cd392a5b0b8dedc66c25213594,حر
appsetshippingaddress_6e15f72a51837e528df003792a367360,لا أسلوب التسليم المتاحة
appsetshippingaddress_e01c4498102e120635a233f6ece469da,غير قادر على الحصول على تفاصيل عنوان الفواتير
appsetshippingmethod_3f324964e384daea4b317e5f179016df,معرف سلة مفقود
appsetshippingmethod_e61f52d02b9f52fbe1fd41ed320e29c3,العربة لم يتم العثور
appsetshippingmethod_694e8d1f2ee056f98ee488bdc4982d73,كمية
appsetshippingmethod_63d5049791d9d79d86e9a108b0a999ca,مرجع
appsetshippingmethod_287234a1ff35a314b5b6bc4e5828e745,سمات
appsetshippingmethod_da7a26ae7679cdec15e19468cdc4c66d,معلومات العربة المحملة بنجاح
appsetshippingmethod_604279a9bb5369542695f2ad9e6185ca,الأسعار الإجمالي (باستثناء الضرائب).
appsetshippingmethod_ada0f55ef37f4928c5cd970f378c15e8,مجموع قسائم
appsetshippingmethod_7c166105b10b8a6a0c0f1c6540f5cd5e,إجمالي هدية التفاف
appsetshippingmethod_f4e8b53a114e5a17d051ab84d326cae5,إجمالي الشحن
appsetshippingmethod_c6995d6cc084c192bc2e742f052a5c74,الشحن مجانا!
appsetshippingmethod_b602e0d0c6a72053d0a5be60cb2f8126,مجموع الضريبة
appsetshippingmethod_f3547ae5e06426d87312eff7dda775aa,السعر الكلي
appsetshippingmethod_f633584ed6ab75aa538bdf7c9269aac1,(تكلفه اضافيه ل
appsetshippingmethod_bf804c0fa1807646b297f7be6843138f,مطلوب الحد الأدنى ما مجموعه شراء٪ 1S إلى التحقق من صحة طلبك، مجموعه شراء الحالي هو 2S٪
appsetshippingmethod_a00acc9b49d721d1e3006715a0ce7014,عنوان البريد الإلكتروني غير صالح
appsetshippingmethod_dcf951059ca444f87d296d3b192783e6,العملاء مع هذه الرسالة غير موجودة
appsetshippingmethod_04f20f929ad93c8a94dbf706e05a9bd6,غير قادر على الحصول على تفاصيل عنوان الشحن
appsetshippingmethod_700c53d8cec1b1e9cf6c247944126166,حدث خطأ أثناء تحديث عربة التسوق.
appsetshippingmethod_0383858ad9a560ca2ecb8066c1681807,لا يمكن أن يتم تسليم اختيار المنتج من قبل الناقل المتاحة (ق): أنها ثقيلة جدا. يرجى تعديل عربة التسوق لخفض وزنه.
appsetshippingmethod_942649e42a59a56bd717acc3fed307b8,لا يمكن أن يتم تسليم اختيار المنتج من قبل الناقل المتاحة (ق). يرجى تعديل عربة التسوق.
appsetshippingmethod_7c013b3defbf4cec9cd69f2e99a8d84c,لا يمكن أن يتم تسليم اختيار المنتج من قبل الناقل المتاحة (ق): لا يصلح حجمها. يرجى تعديل عربة التسوق لتقليل حجمها.
appsetshippingmethod_78c46e5c6e68799668e5b0af361e8e5d,لا توجد شركات التي تقدم لبعض العناوين التي حددتها.
appsetshippingmethod_3ce77aba56f064e8e177a01a7d88d415,لا توجد شركات التي تقدم إلى عنوان واحد الذي حددته.
appsetshippingmethod_d049e05d0babc4c1643c4b36397be24d,لا توجد شركات التي تقدم إلى العنوان الذي حددته.
appsetshippingmethod_51dfe3dfbcd0ea5974aba6663a660a2b,لا أسلوب التسليم المطلوبة
appsetshippingmethod_b24ce0cd392a5b0b8dedc66c25213594,حر
appsetshippingmethod_6e15f72a51837e528df003792a367360,لا أسلوب التسليم المتاحة
appsetshippingmethod_e01c4498102e120635a233f6ece469da,غير قادر على الحصول على تفاصيل عنوان الفواتير
appsociallogin_bc9b4a91502bd9531dc9d7b544855a7a,البيانات الاجتماعي غير متوفر.
appsociallogin_23449e6c6fb211fb8bf12eae126cf555,تسجيل دخول المستخدم بنجاح
appupdateaddress_5058fb0856b024c6a3c18d8e0c764157,تم تحديث عنوان الشحن بنجاح.
appupdateaddress_432100411a1c9a89bf06133afe8b96ce,حدث خطأ ما اثناء اضافة عنوانك.
appupdateaddress_eeabead01c6c6f25f22bf0b041df58a9,يجب عليك تسجيل رقم هاتف واحد على الأقل.
appupdateaddress_66ed24fd1b91e55ae0ad7fdb4ed251c7,هذا البلد يتطلب منك اختار دولة.
appupdateaddress_3dc3fe315fc270e7425b12e157e4619d,هذا البلد غير نشط.
appupdateaddress_78f66140209a4979028fb80f21be5a44,الرمز البريدي / الرمز البريدي كنت \ 'لقد أدخلته غير صالح. يجب أن تتبع هذا التنسيق:٪ ق
appupdateaddress_50b668816d2acbdb62484bb5ea5d25ab,مطلوب الرمز البريدي / الرمز البريدي.
appupdateaddress_e6c1e151f2554afad6c0d551046650e8,الرمز البريدي / الرمز البريدي غير صالح.
appupdateaddress_7c77177e0084c27161d63e7de535a1c6,رقم تعريف غير صحيح أو أنه قد تم بالفعل استخدام.
appupdateaddress_355169a606c66a6a39b8d23609f7329e,وقد تم بالفعل استخدام الاسم المستعار٪ الصورة. يرجى اختيار واحد آخر.
appupdateaddress_a00acc9b49d721d1e3006715a0ce7014,عنوان البريد الإلكتروني غير صالح
appupdateaddress_dcf951059ca444f87d296d3b192783e6,العملاء مع هذه الرسالة غير موجودة
appupdatecartquantity_e61f52d02b9f52fbe1fd41ed320e29c3,العربة لم يتم العثور
appupdatecartquantity_694e8d1f2ee056f98ee488bdc4982d73,كمية
appupdatecartquantity_6665e3761028c84e1d228de3432229ed,SKU
appupdatecartquantity_287234a1ff35a314b5b6bc4e5828e745,سمات
appupdatecartquantity_604279a9bb5369542695f2ad9e6185ca,الأسعار الإجمالي (باستثناء الضرائب).
appupdatecartquantity_ada0f55ef37f4928c5cd970f378c15e8,مجموع قسائم
appupdatecartquantity_7c166105b10b8a6a0c0f1c6540f5cd5e,إجمالي هدية التفاف
appupdatecartquantity_f4e8b53a114e5a17d051ab84d326cae5,إجمالي الشحن
appupdatecartquantity_c6995d6cc084c192bc2e742f052a5c74,الشحن مجانا!
appupdatecartquantity_b602e0d0c6a72053d0a5be60cb2f8126,مجموع الضريبة
appupdatecartquantity_f3547ae5e06426d87312eff7dda775aa,السعر الكلي
appupdatecartquantity_ec1f68c64fcaf8260cfacf58cd4d4af7,الاستفادة من العروض الحصرية لدينا
appupdatecartquantity_83af0c74c4cd7eef63a11d3ba7e48fda,بيانات المنتج مفقود.
appupdatecartquantity_1f4c1c7eb53c734122abd654be5f8164,يجب أن تكون كمية أكبر من الصفر.
appupdatecartquantity_dfbe69c6d9568ecb0e65e7b32ed92a3a,الصنف غير موجود
appupdatecartquantity_91e6cde963af2000218553722fc7a093,هذا المنتج لم يعد متاحا.
appupdatecartquantity_4d2c41ad87059d5fd9ea5283cee720a5,هناك يسن ر المنتج \ 'كافية في المخزون.
appupdatecartquantity_0d38c90d843c787c0be14f790998210c,يجب إضافة٪ د أدنى كمية
appupdatecartquantity_de10fc28511b894f704c1a67fcff7b4f,لديك بالفعل الكمية القصوى المتاحة لهذا المنتج.
appupdatecartquantity_14d4a4be033fb0076188581e0ab67808,المنتج تحديثها بنجاح
appupdatecartquantity_ce395fa164eff74838bd51a583fb3b65,لم يطرأ أي تغيير العثور عليها في الكمية.
appupdateprofile_7ffc7db3c8072a468937761b9fa9583c,الاسم الأول غير صالح.
appupdateprofile_5226b39ad81c6d482af27920b0d532ae,صالح اسم العائلة.
appupdateprofile_54084a1c09c68221979d134e9613ef84,كلمة المرور التي أدخلتها غير صحيحة.
appupdateprofile_f02a41f3e448d379e3c06d39bd3cc4de,كلمة المرور والتأكيد غير متطابقة.
appupdateprofile_626295ee4555407394df3e9998e1fc19,رمز مرور خاطئ
appupdateprofile_c1e500b0e2c09aa39a86bb1a5ea129ca,معلومات شخصية تجديد بنجاح.
appupdateprofile_4a26ddbc1e75f300f27d3ba1f36fcb63,لا يمكن تحديث المعلومات.
appupdateprofile_c56f8985cdec11f87c16beebf6a58b62,المعلومات الشخصية مفقود.
appupdateprofile_b65db11517e70558e870ea4bc6dfbf0e,العملاء مع هذه الرسالة ليست موجودة.
appupdateprofile_0e042db7a9a38d0d1c833dd4c141d77d,عنوان البريد الإلكتروني مفقود أو غير صالحة.
appgetaddressform_ae7bdef7fe2bbbbf02c11e92c5fceb40,عنواني
appgetcartdetails_362dec2f2247134cd9d3cefbcb1c9a6e,تكلفه اضافيه ل
appgetfilters_9e2941b3c81256fac10392aaca4ccfde,شرط
appgetfilters_c0bd7654d5b278e65f21cf4e9153fdb4,الصانع
appgetfilters_3601146c4e948c32b6424d2c0a7f0118,السعر
appgetorderdetails_694e8d1f2ee056f98ee488bdc4982d73,كمية
appgetorderdetails_6665e3761028c84e1d228de3432229ed,SKU
appgetorderdetails_9dffbf69ffba8bc38bc4e01abf4b1675,نص
appgetorderdetails_b0f79042ac83c64f3ccc42268c8ade26,عدد المنتجات
appgetorderdetails_ada0f55ef37f4928c5cd970f378c15e8,مجموع قسائم
appgetorderdetails_7c166105b10b8a6a0c0f1c6540f5cd5e,إجمالي هدية التفاف
appgetorderdetails_f4e8b53a114e5a17d051ab84d326cae5,إجمالي الشحن
appgetorderdetails_f3547ae5e06426d87312eff7dda775aa,السعر الكلي
appgetsellerproducts_26380f3c8aeeb67ff17d9f961e09e045,البائع معرف مفقود
appgetsellerproducts_a5d37da2d02dcb1893938c19016a3834,البائع لم يتم العثور
appgetsellerproducts_b1c94ca2fbc3e78fc30069c8d0f01680,الكل
appgetsellerproducts_49ee3087348e8d44e1feda1917443987,اسم
appgetsellerproducts_3601146c4e948c32b6424d2c0a7f0118,السعر
appgetsellerproducts_0c43922c2fd0b2886820ce8d59d0a425,A-Z
appgetsellerproducts_b45a57134da0f07ba49d5b99713855fa,Z-A
appgetsellerproducts_6b26ffddeab191d3a45e641f47ff780c,من أسفل إلى أعلى
appgetsellerproducts_4bc0df4deaccf71b305d791e1e3b6f76,الاعلى الى الادنى
appgetsellerreviews_26380f3c8aeeb67ff17d9f961e09e045,البائع معرف مفقود
appgetsellerreviews_a5d37da2d02dcb1893938c19016a3834,البائع لم يتم العثور
appgetsellers_4c555a8b12ac7069095ae1dd3bf43c7e,لم يذكر
appsavesellerreview_26380f3c8aeeb67ff17d9f961e09e045,البائع معرف مفقود
appsavesellerreview_a5d37da2d02dcb1893938c19016a3834,البائع لم يتم العثور
appsavesellerreview_b494ce60923c04e8e4c91b0d47177d95,تسجيل الدخول مطلوب
appsavesellerreview_ffb5972c963f37cdc76e79c8ab636e74,غير قادرة على تقديم مراجعة. عنوان أو تعليق مفقود.
appsavesellerreview_ed24e2b88b32983fb74e58cbc7e02038,لا يمكن حفظ الاستعراض كما تم تعطيل الخيار من قبل المشرف
appsavesellerreview_dfcf16c470a033996c2d1b56340dc2d7,وقد قدمت تعليقك بنجاح وتظهر للآخرين بعد الحصول على موافقة من المخزن.
appsavesellerreview_63ef1b9280784b89d4476f66396fc5dd,وقد قدمت تعليقك بنجاح.
appsavesellerreview_b4d8c9132ae2d46618be30173e75b6ef,في الوقت الراهن، ونظام غير قادرة على تقديم مراجعة. الرجاء معاودة المحاولة في وقت لاحق
contact-form_bbaff12800505b22a853e8b7f4eb6a22,اتصل
contact-form_2273d1167a6212812d95dc8fadbae78e,خدمة العملاء
contact-form_d754a9e8cb640da12849a040f3ca8176,ردك
contact-form_02d4482d332e1aef3437cd61c9bcc624,اتصل بنا
contact-form_4ec1c39345fe8820d68463eea8803b0f,تم إرسال رسالتك بنجاح لفريقنا.
contact-form_7c9d4636fc5ed97bb78bc2aac486beab,وقد تم بالفعل إرسال رسالتك.
contact-form_b3e4d8d61f99bac80e6aa1774d73445b,ارسل رسالة
contact-form_6c27c08f40e1b0d9901deb9ff5f722f7,عنوان الموضوع
contact-form_7bc873cba11f035df692c3549366c722,-- أختر --
contact-form_b357b524e740bc85b9790a0712d84a30,عنوان بريد الكتروني
contact-form_5d4710f9a8250b13164a82c94d5b00d1,ترتيب المرجعي
contact-form_deb10517653c255364175796ace3553f,المنتج
contact-form_13d6078da2e6592822ede083931d6826,أرفق ملف
contact-form_4c2a8fe7eaf24721cc7a9f0175115bd4,رسالة
contact-form_94966d90747b97d1f0f206c98a8b1ac3,إرسال
contact-form_f787618e514c038851726224d7e4421e,لم يتم اختيار اي ملف
contact-form_e635032a5f71d809146d3872389f5b0c,اختر ملف
order-opc_a40cab5994f36d4c48103a22ca082e8f,سلة التسوق الخاصة بك
order-opc_78fa1019f9a9759b45c76e186393756f,لم يكن قبول النظام الجديد.
order-opc_879f6b8877752685a966564d072f498f,سلة التسوق الخاصة بك فارغة.
order-opc_1f87346a16cf80c372065de3c54c86d9,(شاملة الضريبة).
order-opc_21034ae6d01a83e702839a72ba8a77b0,(غير شامل الضريبة.)
order-opc_ea295188b69aa5e04810abcc38b2b2be,قد تم اختياره
order-opc_9504d494016e17a6de7e7b51da637bc4,وقد تم اختيار أي الناقل
order-opc_238a062a6a2543fd85d6616a8506fbe8,ليس هناك حاجة إلى الناقل لهذا النظام
order-opc_2e75f367f058646a1ba2fd01ceb74423,أنت لا تحتاج إلى قبول شروط الخدمة لهذا النظام.
order-opc_d236af51d8eac54fe7c366af1f6b358c,وقد تم قبول شروط الخدمة
order-opc_25d8efaba32cb44a922a727f20eaa002,لم تقبل شروط الخدمة
order-opc_4ce81305b7edb043d0a7a5c75cab17d0,يوجد
order-opc_fe816ec4b30c11a39edfd8b0a4cfab49,الخطأ (ق)
order-opc_af0f5bdc5be121b9307687aeeae38c17,عنوان التسليم
order-opc_601d8c4b9f72fc1862013c19b677a499,عنوان الفاتورة
order-opc_449374f661344e843453c4e189ddeed8,تعديل عنوان بريدي
order-opc_d87f73e8ff8d933ed2ba5ddf25040827,الخروج الفوري
order-opc_ad52144224a9fb9e04b8b9ef22ce36f7,يرجى البدء بتحديد عنوان.
order-opc_b24ce0cd392a5b0b8dedc66c25213594,حر
order-opc_da9d6ec2998a07c31ec9eb93c9f254ed,عنوان ارسال الفواتير الخاص بك
order-opc_8a8c9edb5531fa2f822295d1830d090f,عنوان التسليم
order-opc_06933067aafd48425d67bcb01bba5cb6,تحديث
app_text_category_products,الفئة
app_text_demo_app_user_form,يرجى ملء التفاصيل!
app_text_full_name_demo_app_user,اسمك*
app_text_email_demo_app_user,البريد الإلكتروني*
app_text_store_url_demo_app_user,المتجر الخاص بك رابط *
app_text_continue_demo_app_user_form,استمر
app_text_invalid_url,مخزن URL غير صالح!
app_text_invalid_email,بريد إلكتروني خاطئ!
app_text_search,بحث
app_text_shopping_bag,كيس التسوق
app_text_check_out,الدفع
app_text_no_internet,مشكلة الانترنت
app_text_product_image_viewer,عارض صورة المنتج
app_text_payment_methods,طرق الدفع
app_text_wishlist,الأماني
app_text_seller_comments,البائع تعليق (الصورة)
app_text_home,الصفحة الرئيسية
app_text_category,الاقسام
app_text_login,تسجيل الدخول
app_text_logout,الخروج
app_text_login_signup,الدخول التسجيل فى الموقع
app_text_account,حسابي
app_text_contact,اتصل بنا
app_text_about,معلومات عنا
app_text_add_to_wishlist,أضف إلى قائمة الامنيات
app_text_add_to_cart,أضف إلى السلة
app_text_off,إيقاف
app_text_all,الكل
app_text_languages,اللغات)
app_text_sort,فرز
app_text_filter,منقي
app_text_sort_order,حدد ترتيب
app_text_price_asce,السعر من الارخص للاعلى
app_text_price_desc,السعر الاعلى الى الادنى
app_text_product,المنتج
app_text_select,تحديد
app_text_instock,في المخزن
app_text_outstock,إنتهى من المخزن
app_text_product_info,معلومات المنتج والعناية
app_text_customization,التخصيص المنتج
app_text_accessories,مستلزمات
app_text_view_less,عرض أقل
app_text_view_more,عرض المزيد
app_text_provide_details,يرجى تقديم تفاصيل
app_text_bag,كيس التسوق
app_text_apply_voucher,تطبيق القسيمة
app_text_entry_voucher_code,أدخل رمز القسيمة
app_text_apply,تطبيق
app_text_gift,هدية التفاف
app_text_entry_message,أدخل رسالتك
app_text_available_first,نرسل المنتجات المتاحة أولا
app_text_continue_shopping,مواصلة التسوق
app_text_continue_checkout,الاستمرار في الخروج
app_text_update_quantity,انشاء الله هصلي واجيلك
app_text_enter_quantity,إدخال كمية
app_text_empty_cart,عربة الشحن الخاصة بك فارغة!
app_text_goto_home,الذهاب إلى الصفحة الرئيسية
app_text_review_your_order,راجع طلباتك
app_text_add_new_shipping_address,إضافة عنوان جديد
app_text_history,تفاصيل الشحن
app_text_summary,ملخص الطلب
app_text_shipping_methods,طرق الشحن
app_text_comment,أجل تعليق
app_text_payment_summary,ملخص الدفع
app_text_proceed,الشروع في دفع
app_text_make_payment,قم بالدفع
app_text_congratulations,تهانينا
app_text_addresses,عنوان (الصورة)
app_text_order_detail,تفاصيل الأمر
app_text_update_personal,تحديث تفاصيل الشخصية
app_text_update_password,تطوير كلمة السر
app_text_current_password,كلمة المرور الحالي
app_text_new_password,كلمة السر الجديدة
app_text_confirm_password,تأكيد كلمة المرور
app_text_cancel,إلغاء
app_text_save,حفظ
app_text_order_ref,ترتيب المرجعي
app_text_status,الحالة
app_text_placed,موضوع على
app_text_reorder,إعادة ترتيب
app_text_order_details,تفاصيل الطلب
app_text_status_history,سجل الحالة
app_text_shipping_address,عنوان الشحن
app_text_order_summary,ملخص الطلب
app_text_shipping_method,طريقة الشحن
app_text_payment_method,طريقة الدفع او السداد
app_text_gift_wrapping,تغليف الهدايا
app_text_no_shipping_address,أي عنوان الشحن المتاحة!
app_text_no_order_details,أي تفاصيل أمر متاح!
app_text_signup,سجل
app_text_continue_guest,تواصل كضيف
app_text_email,البريد الإلكتروني
app_text_password,كلمه السر
app_text_forgot_password,هل نسيت كلمة المرور
app_text_login_social_account,يمكنك الدخول بحساب الاجتماعي.
app_text_login_with_google,تسجيل الدخول باستخدام + Google
app_text_login_with_facebook,تسجيل الدخول باستخدام الفيسبوك
app_text_signup_with_google,الاشتراك في + Google
app_text_signup_with_facebook,اشترك عبر حساب فايسبوك
app_text_msg_enter_valid_email,الرجاء إدخال بريد إلكتروني صحيح!
app_text_msg_enter_email,يرجى إدخال البريد الإلكتروني!
app_text_msg_enter_password,الرجاء إدخال كلمة السر!
app_text_msg_password_characters_less_than_3,يرجى إدخال كلمة ذات أحرف أكثر من أو يساوي 3!
app_text_msg_first_name,الاسم الاول
app_text_msg_last_name,الكنية
app_text_msg_dob,تاريخ الولادة
app_text_msg_confirm_password,تأكيد كلمة المرور
app_text_msg_personal_details,تفاصيل شخصية
app_text_msg_pass_not_matched,كلمة المرور وتأكيد كلمة المرور لا يقابل!
app_text_sold_by,تم بيعها من قبل:
app_text_write_review,أكتب مراجعة
app_text_view_review,عرض التعليق (ق)
app_text_view_seller_products,عرض بائع المنتج (ق)
app_text_wait,ارجوك انتظر
app_text_loading,تحميل البيانات...
app_text_msg_went_wrong,هناك خطأ ما. حاول مرة اخرى.
app_text_msg_no_internet_found,العثور على أي اتصال بالإنترنت.
app_text_msg_no_internet_title,لا انترنت
app_text_msg_request,طلب لا يمكن أن يكون عملية. قد يكون هذا بسبب بطء الاتصال بالانترنت.
app_text_msg_order_placed_email,تم تقديم طلب الخاص بك وسوف successfully.You تتلقى البريد الإلكتروني فيما يتعلق نفسه.
app_text_msg_product_look,يمكنك البحث عن المنتج (ق) من فئتها.
app_text_msg_search_product,يمكنك البحث عن أي منتج في مخزن بواسطة النص أو الصوت!
app_text_msg_view_cart,يمكنك عرض عربة التسوق مع كمية!
app_text_msg_logout,وخروج بنجاح!
app_text_msg_view_product,يمكنك عرض المنتج في القائمة أو وضع الشبكة!
app_text_msg_sort_product,يمكنك فرز المنتج من قبل سعرها!
app_text_msg_filter_product,كما يمكنك تحديد المنتج (ق) وفقا للحاجة الخاصة بك!
app_text_text_next,التالى
app_text_text_okay,حسنا
app_text_required,مطلوب
app_text_msg_rating,الرجاء تحديد تصنيف
app_text_msg_add_cart,يمكنك إضافة المنتج الى سلة التسوق ببساطة عن طريق النقر على زر \ 'إضافة إلى العربة \'!
app_text_msg_add_wishlist,يمكنك إضافة المنتج إلى سلة ببساطة عن طريق النقر على زر \ 'اضف الى قائمة الامنيات \'!
app_text_msg_product_price,تم تحديث سعر المنتج!
app_text_msg_product_not_available,هذا المنتج غير متوفر للطلب!
app_text_msg_combination,عدم وجود هذا الجمع لهذا المنتج. الرجاء تحديد مجموعة أخرى.
app_text_msg_product_no_stock,هذا المنتج غير متوفر في الكمية المطلوبة أم لا في الأسهم!
app_text_msg_out_stock,بعض المنتجات في العربة ليست متاحة في الكمية المطلوبة أم لا في الأوراق المالية. الرجاء إزالة هذا المنتج (ق) من السلة
app_text_msg_checkout_products,يمكنك الخروج منتجات في سلة التسوق ببساطة عن طريق النقر على زر "متابعة خطوات الدفع.
app_text_msg_apply_voucher,يمكنك تقديم طلب قسيمة لعربة التسوق!
app_text_msg_update_quantity,يمكنك تحديث كمية من المنتج أو إزالته من عربة التسوق!
app_text_msg_view_details,يمكنك عرض تفاصيل المنتج من خلال النقر على صورة المنتج!
app_text_msg_success,نجاح!
app_text_msg_failure,بالفشل!
app_text_msg_enter_quantity,الرجاء إدخال كمية
app_text_quantity,كمية
app_text_remove,إزالة
app_text_customization_details,تفاصيل التخصيص
app_text_msg_add_address,يمكنك إضافة عنوان الشحن الجديد من خلال النقر على زر!
app_text_msg_update_address,يمكنك تحديث عنوان الشحن!
app_text_msg_select_address,يمكنك تحديد أي عنوان الشحن بمجرد النقر على ذلك!
app_text_select_address_text,* الرجاء اختيار عنوان الشحن لمراجعة طلبك.
app_text_msg_no_product,لا توجد منتجات المتاحة!
app_text_msg_no_comment_available,لا تعليق (تعليقات) متوفرة!
app_text_msg_reset_password,يمكنك إعادة تعيين كلمة المرور الخاصة بك عن طريق النقر `نسيت Password`
app_text_msg_login,يمكنك الدخول إلى المتجر من هنا!
app_text_msg_login_fb,يمكنك أيضا تسجيل الدخول إلى المتجر من حساب الفيسبوك الخاص بك!
app_text_msg_login_google,يمكنك أيضا تسجيل الدخول إلى المتجر من حساب Google الخاص بك!
app_text_msg_update_profile,يمكنك تحديث تفاصيل الملف وتفاصيل الشحن أو مشاهدة تفاصيل طلبك من هنا!
app_text_product_info_and_care,معلومات المنتج والعناية
app_text_download,تحميل
app_text_minimal_quantity,الحد الأدنى من الكمية
app_text_seller_details,تفاصيل البائع
app_text_pack_content,حزمة المحتوى
app_text_submit,خضع
app_text_msg_forget_password,أدخل عنوان البريد الالكتروني المرتبط بحسابك. انقر فوق تقديم لديك كلمة السر بالبريد الإلكتروني لك.
app_text_enter_your_email,ادخل بريدك الإلكتروني
app_text_reset_password,إعادة تعيين كلمة المرور
app_text_view_selected_filter,يمكنك عرض نتيجة التصفية المحدد من خلال النقر على هذه الصورة!
app_text_clear_selected_filter,يمكنك مسح فلتر تم تطبيقه من خلال النقر على هذه الصورة!
app_text_no_filter,لا المرشحات
app_text_phone_number_required,* يجب عليك تسجيل رقم هاتف واحد على الأقل
app_text_refresh,تحديث
app_text_internet_connection_failed,اتصال إنترنت فشل!
app_text_internet_connection_problem,قد يكون هناك بعض المشاكل مع اتصال الإنترنت الخاص بك. يرجى المراجعة.
app_text_cancel_transaction,إلغاء الصفقة
app_text_middle_of_payment,كنت في منتصف عملية معاملات الدفع الخاصة بك. هل تريد حقا إلغاء المعاملات الخاصة بك؟
app_text_yes,نعم فعلا
app_text_no,لا
app_text_enter_your_comment,أدخل تعليقك
app_text_msg_shipping_methods_unavailable,بالنسبة لبعض المنتجات (ق)، وسائل النقل البحري غير متوفرة. الرجاء إزالة هذا المنتج (ق) من العربة وحاول مرة أخرى.
app_text_msg_select_shipping_methods,يرجى تحديد طريقة الشحن
youtube_api_key,AIzaSyA1UXXtMmvYcsJpcUMCXRENdi_gDYXPpe0
server_not_found,لم يتم العثور على الخادم
authorization_error,خطأ ترخيص
check_internet_connection,Error.Please اتصال الشبكة تحقق من اتصال الإنترنت الخاص بك
parse_error,تحليل خطأ في API
app_text_share_log,حصة دخول
app_text_payment_failed_contact_support,لا يمكن معالجة طلبك. الاتصال بالدعم يرجى لأي استفسار
app_text_choose_payment_method,اختر وسيلة الدفع
app_text_no_payment_method,لا طريقة الدفع (ق) وجدت!
app_text_no_payment_currently,لا توجد طريقة الدفع حاليا.
app_text_no_make_payment,كنت فاز \ 'ر يكون قادرا على جعل الدفع لأن هذا التطبيق المحمول هو الإعداد لغرض العرض.
app_text_make_payment_after_select,يمكن إجراء الدفع بعد اختيار أي طريقة الدفع!
app_text_title_paypal_payment,الدفع باي بال
app_text_order_total_price,أجل السعر الإجمالي
app_text_user_cancelled_the_payment,إلغاء المستخدم الدفع
app_text_invalid_payment_try_again,دفع صالح. يرجى المحاولة مرة أخرى
app_text_wishlist_item_removed,البند إزالتها من سلة.
app_text_wishlist_item_added,واضاف الى قائمة الامنيات البند
app_text_subject,يا التحقق من ذلك!
app_text_text_extra_share,متاح هنا:
app_text_share_intent_title,شارك
app_text_error_product_name_url,قد يكون اسم المنتج أو رابط فارغة.
app_text_tag_error,خطأ
app_text_view_your_store,عرض مخزن لديك
app_text_view_demo,عرض تجريبي
app_text_currency,العملة (ق)
app_text_same_as_shipping_details,نفس عنوان الشحن
app_text_billing_details,تفاصيل الفاتورة
app_text_shipping_addresses,عنوان النقل البحري (ق)
app_text_billing_addresses,عنوان الفواتير (ق)
app_text_billing_address,عنوان وصول الفواتير
app_text_sellers,الباعة
app_text_seller,تاجر
app_text_seller_shipping_policy,سياسة الشحن
app_text_seller_return_policy,سياسة العائدات
app_text_review_title,عنوان *
app_text_review_comment,تعليق *
app_text_review_rating,تقييم *
app_text_filter_products,تصفية المنتج (ق)
app_text_select_category,اختر الفئة
app_text_select_sort,حدد ترتيب
app_text_clear,واضح
app_text_edit,تصحيح
app_text_cart,عربة التسوق
app_text_move_to_cart,انتقل الكرت
app_text_no_shipping_method_available,لا أسلوب الشحن المتوفرة
app_text_module_not_installed,يرجى الاتصال بمسؤول الموقع لعرض البيانات على هذه الصفحة.
app_text_no_data_found,لاتوجد بيانات!
app_text_enter_coupon_code,أدخل رمز القسيمة
app_text_apply_coupon,تطبيق القسيمة
app_text_add_more_in_cart,إضافة المزيد في عربة لوضع هذا النظام
app_text_shipping_details,تفاصيل الشحن
app_text_choose_app_theme,اختر التطبيقات الموضوع
app_text_enter_store_url,أدخل URL متجرك
app_text_sample_store_url,مثال: http://your_store.com/
app_text_downloads,التنزيلات
app_text_done,فعله
app_text_posted_on,نشر على:
app_text_commented_by,وعلق بواسطة:
app_text_seller_comment,تعليق:
app_text_open,افتح
app_text_order_status,افتح
app_text_special_products,المنتجات الخاصة
app_text_product_information,معلومات المنتج
app_text_featured_products,ميزة المنتجات
app_text_requested_gift_order,لقد طلبت تغليف الهدايا لهذا النظام
app_text_step_one_of_three,الخطوة 1/3
app_text_review_checkout,مراجعة الخروج
app_text_your_wishlist_is_empty,قائمة رغباتك فارغة!
app_text_no_shipping_method,لا أسلوب الشحن المتوفرة
app_text_no_order_found,لا ترتيب العثور!
app_text_percent_off,٪ إيقاف
app_text_coupon_length_validation,يجب أن تكون الأحرف رمز القسيمة أكبر من أو يساوي 4.
app_text_coupon_code_removed,تمت إزالة قسيمة خصم بنجاح!
app_text_facebook_login_cancelled,تم إلغاء الفيسبوك تسجيل الدخول.
app_text_facebook_login_failure,الفيسبوك الدخول الفشل:
app_text_login_failed,فشل تسجيل الدخول!
app_text_wrong_url_install_mab,كنت قد دخلت URL غير صحيح أو لم تكن قد قمت بتثبيت لدينا النقالة التطبيقات وحدة البناء.
app_text_install_module,تثبيت وحدة
app_text_text_loading,جار التحميل
app_text_text_exception,استثناء:
app_text_msg_reset_password_click,يمكنك إعادة تعيين كلمة المرور الخاصة بك عن طريق النقر على \ 'نسيت كلمة المرور \'!
app_text_login_from_here,يمكنك الدخول إلى المتجر من هنا!
app_text_login_from_facebook_account,يمكنك أيضا تسجيل الدخول إلى المتجر من حساب الفيسبوك الخاص بك!
app_text_login_from_google_account,يمكنك أيضا تسجيل الدخول إلى المتجر من حساب Google الخاص بك!
app_text_text_warning,تحذير!
app_text_update_address_if_exists,يمكنك تحديث عنوان الشحن أو اختيار أي عنوان آخر في حالة وجود!
app_text_continue_to_checkout_click_msg,يمكنك الخروج منتجات في سلة التسوق ببساطة عن طريق النقر على زر \ 'الاستمرار في الخروج \'!
app_text_please_enter_store_url,الرجاء إدخال URL مخزن
app_text_product_not_desired_quantity,بعض المنتجات في العربة ليست متاحة في الكمية المطلوبة أم لا في الأوراق المالية. الرجاء إزالة هذا المنتج (ق) من السلة
app_text_select_shipping_methods,اختر الطريقة الشحن (ق)
app_text_send_email,ارسل بريد الكتروني...
app_text_error_in_google_sign_in,بعض الخطأ في جوجل login.Please حاول مرة أخرى.
app_text_process_payment_problem,حدث خطأ أثناء معالجة بعض الدفع. يرجى المحاولة مرة أخرى.
app_text_text_state,حالة
app_text_update_address,تحديث عنوان
app_text_unit_price,سعر الوحده
app_text_total_price,السعر الكلي
app_text_text_totals,المجاميع
app_text_text_success,نجاح!
app_text_sale,تخفيض السعر
app_text_new,الجديد
app_text_title_payment_paypal,الدفع باي بال
app_text_extra_share,متاح هنا:
app_text_intent_title,شارك
app_text_ok,حسنا
app_text_choose_your_app_theme,اختر التطبيقات الموضوع
app_text_terms_and_conditions,شزوط واشتراطات الاستخدام
app_text_wishlist_only,الأماني
app_text_wishlist_remove,إزالة من قائمة الامنيات
app_text_state_not_required,الدولة ليست مطلوبة للبلد المحدد
app_text_currencies,العملة (ق)
app_text_payment_failed,حدث خطأ أثناء معالجة بعض الدفع. يرجى المحاولة مرة أخرى
app_text_entered_wrong_url,كنت قد دخلت URL غير صحيح أو لم تقم بتثبيت موقعنا المحمول bodule التطبيق البناء.
app_text_choose_your_app_theme,اختر التطبيقات الموضوع
app_text_fill_all_required_fields,يرجى تعبئة جميع الحقول المطلوبة.
appgetwishlist_694e8d1f2ee056f98ee488bdc4982d73,كمية
appgetwishlist_6665e3761028c84e1d228de3432229ed,SKU
appgetwishlist_287234a1ff35a314b5b6bc4e5828e745,سمات
app_text_share_feedback,حصة ردود الفعل / طلب تغيير مخصص
app_text_install_whatsapp,لم يتم تثبيت واتس اب على جهازك
app_text_no_account_registered,يتم تسجيل أي حساب للمصادقة البيومترية في هذا الجهاز. يرجى تسجيل حساب جديد أولا.
app_text_confirm_for_authentication,تأكيد بصمة أو وجها لمصادقة.
app_text_login_with_fingerprint,تسجيل الدخول مع بصمات الأصابع
app_text_register_for_fingerprint,سجل للحصول على بصمة الدخول
app_text_biometric_not_available,التوثيق التعريفية غير متوفرة لهذا الجهاز.
app_text_fingerprint_not_recognized,لا تعترف ID مسة بصمتك. يرجى المحاولة مرة أخرى مع بصمتك المسجلين.
app_text_face_not_recognizes,لا تعترف وجه ID وجهك. يرجى المحاولة مرة أخرى مع وجهك المسجلين.
app_text_fingerprint_or_face_not_enrolled,لا بصمات / وجه المسجلين في الجهاز.
app_text_biometry_locked_out,يتم تأمين وظيفة الآن، بسبب العديد من المحاولات الفاشلة.
app_text_register_for_fingerpring,سجل للحصول على بصمات الأصابع
app_text_register_for_fingerprint_details,هل ترغب في تسجيل هذا الحساب حصول على وظائف بصمات الأصابع. وبمجرد القيام به، يمكنك الدخول إلى هذا الحساب دون استخدام رقم البريد الإلكتروني أو كلمة المرور، فقط باستخدام التحقق من بصماته.
app_text_register,تسجيل
app_text_verify,التحقق
app_text_get_otp,الحصول على OTP
app_text_mobile_number,رقم الهاتف المحمول
app_text_mobile_number_optional,رقم الجوال (اختياري)
app_text_error_number_verification,ولم يتسن التحقق من رقم هاتفك المحمول! يرجى المحاولة مرة أخرى مع عدد OTP الصحيح!
app_text_phone_number_already_exists,مسجلة بالفعل رقم الهاتف. يرجى المحاولة مرة أخرى مع رقم هاتف آخر!
app_text_number_verification,رقم التحقق
app_text_number_verification_description,تحتاج إلى التحقق من رقم الهاتف. يرجى إدخال رقم الهاتف وتقديم
app_text_login_with_phone_number,تسجيل الدخول مع رقم الهاتف
app_text_fingerprint_not_available,المصادقة على بصمات الأصابع ليست متوفرة في هذا الجهاز!
app_text_fingerprint_not_enrolled,لا بصمات المسجلين في الجهاز.
app_text_android_marshmallow_required,مطلوب أتلست الروبوت الخطمي لدعم مصادقة بصمات الأصابع.
app_text_fingerprint_error_try_again,هناك بعض الخطأ مع بصمات الأصابع. يرجى المحاولة مرة أخرى أو تستمر دون بصمة!
app_text_fingerprint_wipe_sensor_try_again,قد يكون هناك بعض الغبار على استشعار بصمات الأصابع. من فضلك قم بمسحه وحاول مرة أخرى.
app_text_place_your_finger_on_sensor,ضع إصبعك على جهاز استشعار لمواصلة
app_text_sec,ثانية
app_text_min,أنا
app_text_hour,ساعة







































































































































