apicall_954834405d762e3b854af89d3841eb2a,Искане за недостъпна
appcheckabandonedcart_0259a1bb6da0603027485ebdec0e64e3,Уведомление е изпратено успешно
appcheckabandonedcart_32cc9bac41739e0edebc83e239783807,Изоставен настройка количка е забранена
appcheckabandonedcart_d5591d98b2f74d48205cfba7803045cf,Нямате права за достъп до тази страница
apppayment_c91ceabee74d73ebaa1c93e38a108179,Не може да се зареди количка, идентификационен номер на кошница липсва.
apppayment_02d12101fb0f9afa9e6edb0fef748a42,Не може да се зареди количка, количка не е валиден.
apppayment_5189067f57ecc2a8b0fed9324bb808ca,Адрес за доставка не е валиден.
apppayment_208a75cceeac8424211bff23a9c5fae9,Имейл адрес на клиента не е валиден
apppayment_dcf951059ca444f87d296d3b192783e6,Клиент с този имейл не съществува
apppayment_dd6b089a49908d671c3e9cc8dc5899ae,Невалиден съобщение
appaddaddress_5058fb0856b024c6a3c18d8e0c764157,адрес за доставка е актуализиран успешно.
appaddaddress_51c3de87708e874610d18c0f70e525a3,адрес за доставка е добавен успешно.
appaddaddress_432100411a1c9a89bf06133afe8b96ce,Възникна грешка при добавяне на вашата адрес.
appaddaddress_eeabead01c6c6f25f22bf0b041df58a9,Трябва да се регистрирате поне един телефонен номер.
appaddaddress_66ed24fd1b91e55ae0ad7fdb4ed251c7,Тази страна изисква от вас да избере държава.
appaddaddress_3dc3fe315fc270e7425b12e157e4619d,Тази страна не е активен.
appaddaddress_78f66140209a4979028fb80f21be5a44,Най-Zip / Postal код \ 'съм е невалиден. Той трябва да следва този формат:% S
appaddaddress_50b668816d2acbdb62484bb5ea5d25ab,Изисква се Zip / Пощенски код.
appaddaddress_e6c1e151f2554afad6c0d551046650e8,Най-Zip / Пощенски код е невалиден.
appaddaddress_7c77177e0084c27161d63e7de535a1c6,идентификационен номер е неправилен или вече е била използвана.
appaddaddress_355169a606c66a6a39b8d23609f7329e,псевдоним% S вече е била използвана. Моля, изберете друг.
appaddaddress_a00acc9b49d721d1e3006715a0ce7014,Имейл адресът не е валиден
appaddaddress_dcf951059ca444f87d296d3b192783e6,Клиент с този имейл не съществува
appaddgiftwrapping_e61f52d02b9f52fbe1fd41ed320e29c3,Cart не е намерен
appaddgiftwrapping_694e8d1f2ee056f98ee488bdc4982d73,количество
appaddgiftwrapping_6665e3761028c84e1d228de3432229ed,Код
appaddgiftwrapping_287234a1ff35a314b5b6bc4e5828e745,Атрибути
appaddgiftwrapping_604279a9bb5369542695f2ad9e6185ca,Обща цена (данък. Без)
appaddgiftwrapping_ada0f55ef37f4928c5cd970f378c15e8,Общо ваучери
appaddgiftwrapping_7c166105b10b8a6a0c0f1c6540f5cd5e,Общо за опаковане на подаръци
appaddgiftwrapping_f4e8b53a114e5a17d051ab84d326cae5,Общо корабоплаване
appaddgiftwrapping_c6995d6cc084c192bc2e742f052a5c74,Безплатна доставка!
appaddgiftwrapping_b602e0d0c6a72053d0a5be60cb2f8126,Общо Дан
appaddgiftwrapping_f3547ae5e06426d87312eff7dda775aa,Обща цена
appaddgiftwrapping_ec1f68c64fcaf8260cfacf58cd4d4af7,Възползвайте се от нашите ексклузивни оферти
appaddtocart_d0be3f6fa5d819a2a4b8cbf33ed465fe,с данни за продукти липсва
appaddtocart_dfbe69c6d9568ecb0e65e7b32ed92a3a,Продуктът не е намерен
appaddtocart_b771481cd2413f3944a8dd1a7336a7a6,Невалиден Съобщение
appaddtocart_884d700eec6bda171ce20acc5195fb3d,Добави минимално количество от продукта
appaddtocart_92a8d89d9ecdd91b4cc4566666b16a60,Не може да добавите продукта в кошницата
appaddtocart_d09302c4932f23969957f06289bfddb3,Каталог добавен успешно
appaddtowishlist_64d3e466dc798bae867ca9044b65822e,Не може да се зареди продукт
appaddtowishlist_ac588dbf1ea617c2628b10c2406e0ed0,Списък с желания модул е ​​или неактивна или не е инсталирана.
appaddtowishlist_b65db11517e70558e870ea4bc6dfbf0e,Клиент с този имейл не е съществува.
appaddtowishlist_0e042db7a9a38d0d1c833dd4c141d77d,E-mail адрес липсва или е невалиден.
appaddtowishlist_6cba49b790757be59e258de6d28fa078,Каталог добавен в списъка с желания
appapplydelayshipping_e61f52d02b9f52fbe1fd41ed320e29c3,Cart не е намерен
appapplydelayshipping_694e8d1f2ee056f98ee488bdc4982d73,количество
appapplydelayshipping_6665e3761028c84e1d228de3432229ed,Код
appapplydelayshipping_287234a1ff35a314b5b6bc4e5828e745,Атрибути
appapplydelayshipping_604279a9bb5369542695f2ad9e6185ca,Обща цена (данък. Без)
appapplydelayshipping_ada0f55ef37f4928c5cd970f378c15e8,Общо ваучери
appapplydelayshipping_7c166105b10b8a6a0c0f1c6540f5cd5e,Общо за опаковане на подаръци
appapplydelayshipping_f4e8b53a114e5a17d051ab84d326cae5,Общо корабоплаване
appapplydelayshipping_c6995d6cc084c192bc2e742f052a5c74,Безплатна доставка!
appapplydelayshipping_b602e0d0c6a72053d0a5be60cb2f8126,Общо Дан
appapplydelayshipping_f3547ae5e06426d87312eff7dda775aa,Обща цена
appapplydelayshipping_824a96e60e7720c695e8c6f7abd856f4,Изисква се минимална обща покупка на% 1s да потвърдим вашата поръчка, ток общо е% 2s
appapplydelayshipping_ec1f68c64fcaf8260cfacf58cd4d4af7,Възползвайте се от нашите ексклузивни оферти
appapplyvoucher_e61f52d02b9f52fbe1fd41ed320e29c3,Cart не е намерен
appapplyvoucher_694e8d1f2ee056f98ee488bdc4982d73,количество
appapplyvoucher_6665e3761028c84e1d228de3432229ed,Код
appapplyvoucher_287234a1ff35a314b5b6bc4e5828e745,Атрибути
appapplyvoucher_604279a9bb5369542695f2ad9e6185ca,Обща цена (данък. Без)
appapplyvoucher_ada0f55ef37f4928c5cd970f378c15e8,Общо ваучери
appapplyvoucher_7c166105b10b8a6a0c0f1c6540f5cd5e,Общо за опаковане на подаръци
appapplyvoucher_f4e8b53a114e5a17d051ab84d326cae5,Общо корабоплаване
appapplyvoucher_c6995d6cc084c192bc2e742f052a5c74,Безплатна доставка!
appapplyvoucher_b602e0d0c6a72053d0a5be60cb2f8126,Общо Дан
appapplyvoucher_f3547ae5e06426d87312eff7dda775aa,Обща цена
appapplyvoucher_ec1f68c64fcaf8260cfacf58cd4d4af7,Възползвайте се от нашите ексклузивни оферти
appapplyvoucher_e15b9d349af7453e81350c8ffd2a7615,Трябва да въведете код на ваучер
appapplyvoucher_f49f486fa8a77bcf2d4506587422ed4f,Кодът на ваучер е невалиден
appapplyvoucher_a866f5cd5e6f4bc4e3ccb09293101e4e,Ваучер успешно се прилага в количката
appapplyvoucher_e062b646b60fd5fffc3c21afe87eb2ce,Тази функция не е активна за този ваучер
appcheckorderstatus_dfcd44bdec4088a7597f5a3d85c6d5bf,Не може да се зареди количка
appcheckorderstatus_430328c36edf7e197527273c216533a2,Поръчката е създадена от тази количка
appcheckorderstatus_a00acc9b49d721d1e3006715a0ce7014,Имейл адресът не е валиден
appcheckorderstatus_dcf951059ca444f87d296d3b192783e6,Клиент с този имейл не съществува
appcheckout_3f324964e384daea4b317e5f179016df,Идентификационният номер на кошницата липсва
appcheckout_e61f52d02b9f52fbe1fd41ed320e29c3,Cart не е намерен
appcheckout_694e8d1f2ee056f98ee488bdc4982d73,количество
appcheckout_63d5049791d9d79d86e9a108b0a999ca,препратка
appcheckout_287234a1ff35a314b5b6bc4e5828e745,Атрибути
appcheckout_da7a26ae7679cdec15e19468cdc4c66d,информация Кошница зареден успешно
appcheckout_604279a9bb5369542695f2ad9e6185ca,Обща цена (данък. Без)
appcheckout_ada0f55ef37f4928c5cd970f378c15e8,Общо ваучери
appcheckout_7c166105b10b8a6a0c0f1c6540f5cd5e,Общо за опаковане на подаръци
appcheckout_f4e8b53a114e5a17d051ab84d326cae5,Общо корабоплаване
appcheckout_c6995d6cc084c192bc2e742f052a5c74,Безплатна доставка!
appcheckout_b602e0d0c6a72053d0a5be60cb2f8126,Общо Дан
appcheckout_f3547ae5e06426d87312eff7dda775aa,Обща цена
appcheckout_f633584ed6ab75aa538bdf7c9269aac1,(Срещу допълнително заплащане на
appcheckout_a00acc9b49d721d1e3006715a0ce7014,Имейл адресът не е валиден
appcheckout_dcf951059ca444f87d296d3b192783e6,Клиент с този имейл не съществува
appcheckout_04f20f929ad93c8a94dbf706e05a9bd6,Не може да се получи на адреса за доставка детайли
appcheckout_700c53d8cec1b1e9cf6c247944126166,Възникна грешка при актуализирането на количката.
appcheckout_78c46e5c6e68799668e5b0af361e8e5d,Все още няма превозвачи, които доставят до някои адреси, които сте избрали.
appcheckout_3ce77aba56f064e8e177a01a7d88d415,Все още няма превозвачи, които доставят на един адрес, който сте избрали.
appcheckout_d049e05d0babc4c1643c4b36397be24d,Все още няма превозвачи, които доставят на адреса, който сте избрали.
appcheckout_51dfe3dfbcd0ea5974aba6663a660a2b,Не Начин на показване Задължително
appcheckout_b24ce0cd392a5b0b8dedc66c25213594,Безплатно
appcheckout_6e15f72a51837e528df003792a367360,Не Начин на показване Наличен
appcheckout_e01c4498102e120635a233f6ece469da,Не може да се получи на адрес за фактуриране подробности
appcore_453584dcf31a45f1a2285e736091ab88,Mobile App модул е ​​забранено.
appcore_eef6d0bfb2baac0933acaeb8386f3bf3,Mobile App модул е ​​или неактивна или не е инсталирана.
appcore_de0d079814594c9a07785c5433b7830f,Не може да се получи списък с продукти
appcreateorder_3f324964e384daea4b317e5f179016df,Идентификационният номер на кошницата липсва
appcreateorder_e61f52d02b9f52fbe1fd41ed320e29c3,Cart не е намерен
appcreateorder_a00acc9b49d721d1e3006715a0ce7014,Имейл адресът не е валиден
appcreateorder_dcf951059ca444f87d296d3b192783e6,Клиент с този имейл не съществува
appcreateorder_04d56d3845162acfb694a4a9e43652d2,Мога \ 'т се зареди Статус на поръчката
appcreateorder_bd46744c55c6dcf066dd125fedf954a6,Secure ключ не съответства
appcreateorder_cd53515e3ac8aaa8cbef5e3d66d934e1,CartRule използвана в тази количка не е валиден и е бил изтеглен от количката
appcreateorder_9056f5dba2507645e07d0c7b55c74c90,Количката е празна.
appcreateorder_f7328eec8ea840e9eeafae3766e4bca9,Страната адрес за доставка не е активен.
appcreateorder_21117dd42fc79f46a81ccb5f7d66c460,Не може да бъде създаден Поръчка
appcreateorder_a6addeb40ed0462485e6e95ba6def81f,Грешка при плащане спестяване поръчка
appcreateorder_845c771e8459c46db334e5ad7bbad9b8,Поръчка създаден успешно
appcreateorder_b08d3867be98e6fff3233cd40ab8134a,създаване на поръчката се провали
appcreateorder_43423b4056880b08f2c9aa50d8670531,Cart не може да бъде зареден или заповед вече е направена с тази количка
appforgotpassword_e267e2be02cf3e29f4ba53b5d97cf78a,Невалиден имейл адрес.
appforgotpassword_b51cb75f23091c0f98bea54ae7615080,Не е регистриран за този имейл адрес сметка.
appforgotpassword_194496a52d41fba1c9e6140c4eb34f83,Вие не може да регенерира паролата за този профил.
appforgotpassword_922dc0515643fb69585b67281692644a,Можете да регенерира парола само всеки% г минути (а)
appforgotpassword_62a0ad9b46a5eed332c032b0c11ce07a,Имейл за потвърждение е изпратена до адреса си:
appforgotpassword_6e2fc94479ac0c63543886a235e3370c,Възникна грешка при изпращането на имейла.
appforgotpassword_ea3729ee448ef1d87bd298843f658749,параметър Email не е настроено
appgetaddressdetails_69fb27bd2e44f47a9ae98aa1695df278,Не може да се зареди адрес
appgetaddressdetails_c462960a6bd53db34f778d0562703ad3,ДДС номер
appgetaddressdetails_b60bb13a87fe3ae5463aeb0980a5a8a1,Идентификационен номер
appgetaddressdetails_e4eb5dadb6ee84c5c55a8edf53f6e554,Zip / Postal Code
appgetaddressdetails_20db0bfeecd8fe60533206a2b5e9891a,Първо име
appgetaddressdetails_8d3f5eff9c40ee315d452392bed5309b,Фамилия
appgetaddressdetails_dd7bf230fde8d4836917806aff6a6b27,адрес
appgetaddressdetails_846a54955f32846032981f8fe48c35ff,Адрес (линия 2)
appgetaddressdetails_57d056ed0984166336b7879c2af3657f,град
appgetaddressdetails_59716c97497eb9694541f7c3d37b1a4d,Държава
appgetaddressdetails_46a2a41cc6e552044816a2d04634545d,състояние
appgetaddressdetails_1c76cbfe21c6f44c1d1e59d54f3e4420,Търговско дружество
appgetaddressdetails_fe66abce284ec8589e7d791185b5c442,Домашен телефон
appgetaddressdetails_41c2fff4867cc204120f001e7af20f7a,Мобилен телефон
appgetaddressdetails_0f68b904e33d9ac04605aecc958bcf52,Допълнителна информация
appgetaddressdetails_711ccfcebd3f316fa55e127061a1044a,Адрес титла
appgetaddressdetails_37e084acb152f3e6a5877f861e08819e,Адрес зареден успешно
appgetaddressform_c462960a6bd53db34f778d0562703ad3,ДДС номер
appgetaddressform_b60bb13a87fe3ae5463aeb0980a5a8a1,Идентификационен номер
appgetaddressform_e4eb5dadb6ee84c5c55a8edf53f6e554,Zip / Postal Code
appgetaddressform_20db0bfeecd8fe60533206a2b5e9891a,Първо име
appgetaddressform_8d3f5eff9c40ee315d452392bed5309b,Фамилия
appgetaddressform_dd7bf230fde8d4836917806aff6a6b27,адрес
appgetaddressform_846a54955f32846032981f8fe48c35ff,Адрес (линия 2)
appgetaddressform_57d056ed0984166336b7879c2af3657f,град
appgetaddressform_59716c97497eb9694541f7c3d37b1a4d,Държава
appgetaddressform_46a2a41cc6e552044816a2d04634545d,състояние
appgetaddressform_1c76cbfe21c6f44c1d1e59d54f3e4420,Търговско дружество
appgetaddressform_fe66abce284ec8589e7d791185b5c442,Домашен телефон
appgetaddressform_41c2fff4867cc204120f001e7af20f7a,Мобилен телефон
appgetaddressform_0f68b904e33d9ac04605aecc958bcf52,Допълнителна информация
appgetaddressform_711ccfcebd3f316fa55e127061a1044a,Адрес титла
appgetaddressform_958a1c94f27df673dc5b258b2b0cc528,Не може да се получи държавен Държава
appgetaddressform_69fb27bd2e44f47a9ae98aa1695df278,Не може да се зареди адрес
appgetaddressform_37e084acb152f3e6a5877f861e08819e,Адрес зареден успешно
appgetcartdetails_08d0d87bfba2d0c58c04494fc2143cad,Извинете. Идентификационният номер на кошницата липсва
appgetcartdetails_56ca67fde405db4d75fb5fc3350db81b,Извинете. Ние не можем да поднови вашата поръчка.
appgetcartdetails_b22604f6ddd3fb79ff38568a5a0141e0,Някои елементи вече не са на разположение, и не сме в състояние да поднови вашата поръчка.
appgetcartdetails_e61f52d02b9f52fbe1fd41ed320e29c3,Cart не е намерен
appgetcartdetails_694e8d1f2ee056f98ee488bdc4982d73,количество
appgetcartdetails_6665e3761028c84e1d228de3432229ed,Код
appgetcartdetails_287234a1ff35a314b5b6bc4e5828e745,Атрибути
appgetcartdetails_604279a9bb5369542695f2ad9e6185ca,Обща цена (данък. Без)
appgetcartdetails_ada0f55ef37f4928c5cd970f378c15e8,Общо ваучери
appgetcartdetails_7c166105b10b8a6a0c0f1c6540f5cd5e,Общо за опаковане на подаръци
appgetcartdetails_f4e8b53a114e5a17d051ab84d326cae5,Общо корабоплаване
appgetcartdetails_c6995d6cc084c192bc2e742f052a5c74,Безплатна доставка!
appgetcartdetails_b602e0d0c6a72053d0a5be60cb2f8126,Общо Дан
appgetcartdetails_f3547ae5e06426d87312eff7dda775aa,Обща цена
appgetcartdetails_ec1f68c64fcaf8260cfacf58cd4d4af7,Възползвайте се от нашите ексклузивни оферти
appgetcategorydetails_b22529647cbe4f4d260f349baec9d630,Категория номер липсва
appgetcategorydetails_bd964ff97bc91ddd97289acc711b84f9,Думата за търсене липсва
appgetcustomeraddress_a00acc9b49d721d1e3006715a0ce7014,Имейл адресът не е валиден
appgetcustomeraddress_18dc0570e2b85b76ff5773027fd75248,Клиентът не съществува за този имейл адрес.
appgetfilters_b22529647cbe4f4d260f349baec9d630,Категория номер липсва
appgetfilters_bd964ff97bc91ddd97289acc711b84f9,Думата за търсене липсва
appgethome_cf75826aa860140d05ad30996cf175e8,Топ плъзгачи
appgethome_2d9b9a764fb0be4be10e1b2fce63f561,Slider
appgethome_7c0ad572fae721669da32e4ef439c1b4,Горни банери
appgethome_6ff29916f99fff9d2494d28e721ae77e,знаме
appgethome_9a90d6756768c9c8b41e0db9a384c251,фокус Продукти
appgethome_1276c482cb32edf4fce51761a9792716,Специални продукти
appgethome_26e2d291250a79cb9d62ae299ff7fffa,Bestseller Продукти
appgethome_31d26a6487e08357bd771619e894b0c6,Новодошли
appgethome_dfcd44bdec4088a7597f5a3d85c6d5bf,Не може да се зареди количка
appgethome_430328c36edf7e197527273c216533a2,Поръчката е създадена от тази количка
appgetmobilepaymentmethods_98ce442fb183c4de4fbe7d67e056b117,Не Начин на плащане е активиран
appgetmobilepaymentmethods_5b7d532d6e7746d362b89e27cdb51a36,Не Начин на плащане не се конфигурира
appgetorderdetails_a237560ece5935da47dd1c9b1cea4d19,Идентификационен номер на поръчката липсва
appgetorderdetails_5f34ed748b73efce4af2b84461f86d51,Не може да се зареди с подробности за поръчката
appgetorders_ca3e85454678003dbdba2fbbb34ec11d,Не може да се зареди историята на поръчките
appgetorders_a00acc9b49d721d1e3006715a0ce7014,Имейл адресът не е валиден
appgetorders_dcf951059ca444f87d296d3b192783e6,Клиент с този имейл не съществува
appgetorders_694e8d1f2ee056f98ee488bdc4982d73,количество
appgetorders_6665e3761028c84e1d228de3432229ed,Код
appgetproductdetails_04ed5396be771c71ecc89b3beb627684,Идентификационният номер на продукта липсва
appgetproductdetails_dfbe69c6d9568ecb0e65e7b32ed92a3a,Продуктът не е намерен
appgetproductdetails_1be6f9eb563f3bf85c78b4219bf09de9,Марка
appgetproductdetails_6665e3761028c84e1d228de3432229ed,Код
appgetproductdetails_9e2941b3c81256fac10392aaca4ccfde,състояние
appgetproductdetails_db5963a70dd965e53337043be1dcb991,Този продукт не е наличен на App, тъй като има да подаде поле персонализиране.
appgetprofile_a00acc9b49d721d1e3006715a0ce7014,Имейл адресът не е валиден
appgetprofile_dcf951059ca444f87d296d3b192783e6,Клиент с този имейл не съществува
appgetregions_958a1c94f27df673dc5b258b2b0cc528,Не може да се получи държавен Държава
appgetwishlist_ac588dbf1ea617c2628b10c2406e0ed0,Списък с желания модул е ​​или неактивна или не е инсталирана.
appgetwishlist_b65db11517e70558e870ea4bc6dfbf0e,Клиент с този имейл не е съществува.
appgetwishlist_0e042db7a9a38d0d1c833dd4c141d77d,E-mail адрес липсва или е невалиден.
appgetwishlist_9db509ecd7d739938fdc3dda8bc12bc9,Не са намерени в списъка с желания продукт
appguestregistration_164b06b3d14521584edbc4dda05b220d,Моля, въведете имейл адрес
appguestregistration_e267e2be02cf3e29f4ba53b5d97cf78a,Невалиден имейл адрес.
appguestregistration_db8a6a25796eff7d9010bfe3774c2382,Профил с този имейл адрес вече е регистрирано.
applogin_96550f206ccd1c321be787e4f1875ed4,Необходима е-мейл адрес.
applogin_e267e2be02cf3e29f4ba53b5d97cf78a,Невалиден имейл адрес.
applogin_20aedd1e6de4dcf8d115b5a7424c58d7,Изисква се парола.
applogin_e388a72d1abdd7af5f08b44ff698afbe,Невалидна парола.
applogin_47d03b2e9a827c42170ba95d35af06d2,нали за профила Ви \ 'е достъпно в момента тон.
applogin_802b207b05fe5cea22e11b9db804b33d,Неуспешна идентификация.
applogin_23449e6c6fb211fb8bf12eae126cf555,Потребителски вход успешно
appregisteruser_7ffc7db3c8072a468937761b9fa9583c,Невалиден Име.
appregisteruser_5226b39ad81c6d482af27920b0d532ae,Невалиден Фамилия.
appregisteruser_e267e2be02cf3e29f4ba53b5d97cf78a,Невалиден имейл адрес.
appregisteruser_e388a72d1abdd7af5f08b44ff698afbe,Невалидна парола.
appregisteruser_0984b2c0c7aa81adae4ab22b4c39d350,данни на клиентите не е налична.
appregisteruser_db8a6a25796eff7d9010bfe3774c2382,Профил с този имейл адрес вече е регистрирано.
appregisteruser_52255315e18d82f8e728722aae90ed1e,Клиент създаден успешно.
appremovedelayshipping_e61f52d02b9f52fbe1fd41ed320e29c3,Cart не е намерен
appremovedelayshipping_694e8d1f2ee056f98ee488bdc4982d73,количество
appremovedelayshipping_6665e3761028c84e1d228de3432229ed,Код
appremovedelayshipping_287234a1ff35a314b5b6bc4e5828e745,Атрибути
appremovedelayshipping_604279a9bb5369542695f2ad9e6185ca,Обща цена (данък. Без)
appremovedelayshipping_ada0f55ef37f4928c5cd970f378c15e8,Общо ваучери
appremovedelayshipping_7c166105b10b8a6a0c0f1c6540f5cd5e,Общо за опаковане на подаръци
appremovedelayshipping_f4e8b53a114e5a17d051ab84d326cae5,Общо корабоплаване
appremovedelayshipping_c6995d6cc084c192bc2e742f052a5c74,Безплатна доставка!
appremovedelayshipping_b602e0d0c6a72053d0a5be60cb2f8126,Общо Дан
appremovedelayshipping_f3547ae5e06426d87312eff7dda775aa,Обща цена
appremovedelayshipping_ec1f68c64fcaf8260cfacf58cd4d4af7,Възползвайте се от нашите ексклузивни оферти
appremovegiftwrapping_e61f52d02b9f52fbe1fd41ed320e29c3,Cart не е намерен
appremovegiftwrapping_694e8d1f2ee056f98ee488bdc4982d73,количество
appremovegiftwrapping_6665e3761028c84e1d228de3432229ed,Код
appremovegiftwrapping_287234a1ff35a314b5b6bc4e5828e745,Атрибути
appremovegiftwrapping_604279a9bb5369542695f2ad9e6185ca,Обща цена (данък. Без)
appremovegiftwrapping_ada0f55ef37f4928c5cd970f378c15e8,Общо ваучери
appremovegiftwrapping_7c166105b10b8a6a0c0f1c6540f5cd5e,Общо за опаковане на подаръци
appremovegiftwrapping_f4e8b53a114e5a17d051ab84d326cae5,Общо корабоплаване
appremovegiftwrapping_c6995d6cc084c192bc2e742f052a5c74,Безплатна доставка!
appremovegiftwrapping_b602e0d0c6a72053d0a5be60cb2f8126,Общо Дан
appremovegiftwrapping_f3547ae5e06426d87312eff7dda775aa,Обща цена
appremovegiftwrapping_ec1f68c64fcaf8260cfacf58cd4d4af7,Възползвайте се от нашите ексклузивни оферти
appremoveproduct_e61f52d02b9f52fbe1fd41ed320e29c3,Cart не е намерен
appremoveproduct_694e8d1f2ee056f98ee488bdc4982d73,количество
appremoveproduct_6665e3761028c84e1d228de3432229ed,Код
appremoveproduct_287234a1ff35a314b5b6bc4e5828e745,Атрибути
appremoveproduct_604279a9bb5369542695f2ad9e6185ca,Обща цена (данък. Без)
appremoveproduct_ada0f55ef37f4928c5cd970f378c15e8,Общо ваучери
appremoveproduct_7c166105b10b8a6a0c0f1c6540f5cd5e,Общо за опаковане на подаръци
appremoveproduct_f4e8b53a114e5a17d051ab84d326cae5,Общо корабоплаване
appremoveproduct_c6995d6cc084c192bc2e742f052a5c74,Безплатна доставка!
appremoveproduct_b602e0d0c6a72053d0a5be60cb2f8126,Общо Дан
appremoveproduct_f3547ae5e06426d87312eff7dda775aa,Обща цена
appremoveproduct_824a96e60e7720c695e8c6f7abd856f4,Изисква се минимална обща покупка на% 1s да потвърдим вашата поръчка, ток общо е% 2s
appremoveproduct_ec1f68c64fcaf8260cfacf58cd4d4af7,Възползвайте се от нашите ексклузивни оферти
appremoveproduct_83af0c74c4cd7eef63a11d3ba7e48fda,с данни за продукти липсва.
appremoveproduct_f7ac9125e391518b45badf32ca5b152b,Идентификационният номер на продукта липсва.
appremoveproduct_dfbe69c6d9568ecb0e65e7b32ed92a3a,Продуктът не е намерен
appremoveproduct_0d38c90d843c787c0be14f790998210c,Трябва да добавите% г минимално количество
appremoveproduct_3a3f4a8eb22f25c672d3af4e42df7d33,Продукт е изтрита успешно
appremovevoucher_e61f52d02b9f52fbe1fd41ed320e29c3,Cart не е намерен
appremovevoucher_694e8d1f2ee056f98ee488bdc4982d73,количество
appremovevoucher_6665e3761028c84e1d228de3432229ed,Код
appremovevoucher_287234a1ff35a314b5b6bc4e5828e745,Атрибути
appremovevoucher_604279a9bb5369542695f2ad9e6185ca,Обща цена (данък. Без)
appremovevoucher_ada0f55ef37f4928c5cd970f378c15e8,Общо ваучери
appremovevoucher_7c166105b10b8a6a0c0f1c6540f5cd5e,Общо за опаковане на подаръци
appremovevoucher_f4e8b53a114e5a17d051ab84d326cae5,Общо корабоплаване
appremovevoucher_c6995d6cc084c192bc2e742f052a5c74,Безплатна доставка!
appremovevoucher_b602e0d0c6a72053d0a5be60cb2f8126,Общо Дан
appremovevoucher_f3547ae5e06426d87312eff7dda775aa,Обща цена
appremovevoucher_824a96e60e7720c695e8c6f7abd856f4,Изисква се минимална обща покупка на% 1s да потвърдим вашата поръчка, ток общо е% 2s
appremovevoucher_ec1f68c64fcaf8260cfacf58cd4d4af7,Възползвайте се от нашите ексклузивни оферти
appremovevoucher_b718489ea250655f5a6de41d6ad9539e,Ваучер премахнат успешно
appremovevoucher_15bddec15f9c9237c333ed66cf65baf6,Възникна грешка при премахване на ваучер
appremovewishlist_64d3e466dc798bae867ca9044b65822e,Не може да се зареди продукт
appremovewishlist_ac588dbf1ea617c2628b10c2406e0ed0,Списък с желания модул е ​​или неактивна или не е инсталирана.
appremovewishlist_b65db11517e70558e870ea4bc6dfbf0e,Клиент с този имейл не е съществува.
appremovewishlist_0e042db7a9a38d0d1c833dd4c141d77d,E-mail адрес липсва или е невалиден.
appremovewishlist_956d818758e07660a5885268e15c92a9,Каталог премахнат от списъка с желания
appreorder_56ca67fde405db4d75fb5fc3350db81b,Извинете. Ние не можем да поднови вашата поръчка.
appreorder_b22604f6ddd3fb79ff38568a5a0141e0,Някои елементи вече не са на разположение, и не сме в състояние да поднови вашата поръчка.
appreorder_1c5fea3a8662e49ee07edf2b7fd22eb5,Извинете. Ние не можем да поднови вашата поръчка. Поръчка Id липсва
appreorder_e61f52d02b9f52fbe1fd41ed320e29c3,Cart не е намерен
appreorder_694e8d1f2ee056f98ee488bdc4982d73,количество
appreorder_6665e3761028c84e1d228de3432229ed,Код
appreorder_287234a1ff35a314b5b6bc4e5828e745,Атрибути
appreorder_604279a9bb5369542695f2ad9e6185ca,Обща цена (данък. Без)
appreorder_ada0f55ef37f4928c5cd970f378c15e8,Общо ваучери
appreorder_7c166105b10b8a6a0c0f1c6540f5cd5e,Общо за опаковане на подаръци
appreorder_f4e8b53a114e5a17d051ab84d326cae5,Общо корабоплаване
appreorder_c6995d6cc084c192bc2e742f052a5c74,Безплатна доставка!
appreorder_b602e0d0c6a72053d0a5be60cb2f8126,Общо Дан
appreorder_f3547ae5e06426d87312eff7dda775aa,Обща цена
appreorder_824a96e60e7720c695e8c6f7abd856f4,Изисква се минимална обща покупка на% 1s да потвърдим вашата поръчка, ток общо е% 2s
appreorder_ec1f68c64fcaf8260cfacf58cd4d4af7,Възползвайте се от нашите ексклузивни оферти
appsavegiftmessage_e61f52d02b9f52fbe1fd41ed320e29c3,Cart не е намерен
appsavegiftmessage_15bddec15f9c9237c333ed66cf65baf6,Възникна грешка при премахване на ваучер
appsavegiftmessage_4af3f045da697ee7929661dd4dde0242,Подарък съобщение спасени
appsavegiftmessage_694e8d1f2ee056f98ee488bdc4982d73,количество
appsavegiftmessage_6665e3761028c84e1d228de3432229ed,Код
appsavegiftmessage_287234a1ff35a314b5b6bc4e5828e745,Атрибути
appsavegiftmessage_604279a9bb5369542695f2ad9e6185ca,Обща цена (данък. Без)
appsavegiftmessage_ada0f55ef37f4928c5cd970f378c15e8,Общо ваучери
appsavegiftmessage_7c166105b10b8a6a0c0f1c6540f5cd5e,Общо за опаковане на подаръци
appsavegiftmessage_f4e8b53a114e5a17d051ab84d326cae5,Общо корабоплаване
appsavegiftmessage_c6995d6cc084c192bc2e742f052a5c74,Безплатна доставка!
appsavegiftmessage_b602e0d0c6a72053d0a5be60cb2f8126,Общо Дан
appsavegiftmessage_f3547ae5e06426d87312eff7dda775aa,Обща цена
appsavegiftmessage_824a96e60e7720c695e8c6f7abd856f4,Изисква се минимална обща покупка на% 1s да потвърдим вашата поръчка, ток общо е% 2s
appsavegiftmessage_ec1f68c64fcaf8260cfacf58cd4d4af7,Възползвайте се от нашите ексклузивни оферти
appsetbillingaddress_3f324964e384daea4b317e5f179016df,Идентификационният номер на кошницата липсва
appsetbillingaddress_e61f52d02b9f52fbe1fd41ed320e29c3,Cart не е намерен
appsetbillingaddress_694e8d1f2ee056f98ee488bdc4982d73,количество
appsetbillingaddress_63d5049791d9d79d86e9a108b0a999ca,препратка
appsetbillingaddress_287234a1ff35a314b5b6bc4e5828e745,Атрибути
appsetbillingaddress_da7a26ae7679cdec15e19468cdc4c66d,информация Кошница зареден успешно
appsetbillingaddress_604279a9bb5369542695f2ad9e6185ca,Обща цена (данък. Без)
appsetbillingaddress_ada0f55ef37f4928c5cd970f378c15e8,Общо ваучери
appsetbillingaddress_7c166105b10b8a6a0c0f1c6540f5cd5e,Общо за опаковане на подаръци
appsetbillingaddress_f4e8b53a114e5a17d051ab84d326cae5,Общо корабоплаване
appsetbillingaddress_c6995d6cc084c192bc2e742f052a5c74,Безплатна доставка!
appsetbillingaddress_b602e0d0c6a72053d0a5be60cb2f8126,Общо Дан
appsetbillingaddress_f3547ae5e06426d87312eff7dda775aa,Обща цена
appsetbillingaddress_f633584ed6ab75aa538bdf7c9269aac1,(Срещу допълнително заплащане на
appsetbillingaddress_bf804c0fa1807646b297f7be6843138f,Изисква се минимална обща покупка на% 1s да потвърдим вашата поръчка, ток общата покупна е% 2s
appsetbillingaddress_a00acc9b49d721d1e3006715a0ce7014,Имейл адресът не е валиден
appsetbillingaddress_dcf951059ca444f87d296d3b192783e6,Клиент с този имейл не съществува
appsetbillingaddress_04f20f929ad93c8a94dbf706e05a9bd6,Не може да се получи на адреса за доставка детайли
appsetbillingaddress_700c53d8cec1b1e9cf6c247944126166,Възникна грешка при актуализирането на количката.
appsetbillingaddress_0383858ad9a560ca2ecb8066c1681807,Изборът на продукт, който не може да бъде доставена от наличната превозвач (и): това е твърде тежко. Моля, изм кошницата си за понижаване на теглото му.
appsetbillingaddress_942649e42a59a56bd717acc3fed307b8,Изборът на продукт не може да бъде доставен от наличната Носителят (ите). Моля, изм кошницата си.
appsetbillingaddress_7c013b3defbf4cec9cd69f2e99a8d84c,Изборът на продукт, който не може да бъде доставена от наличната превозвач (и): размерът му не се вписва. Моля, изм кошницата си за намаляване на размера му.
appsetbillingaddress_78c46e5c6e68799668e5b0af361e8e5d,Все още няма превозвачи, които доставят до някои адреси, които сте избрали.
appsetbillingaddress_3ce77aba56f064e8e177a01a7d88d415,Все още няма превозвачи, които доставят на един адрес, който сте избрали.
appsetbillingaddress_d049e05d0babc4c1643c4b36397be24d,Все още няма превозвачи, които доставят на адреса, който сте избрали.
appsetbillingaddress_51dfe3dfbcd0ea5974aba6663a660a2b,Не Начин на показване Задължително
appsetbillingaddress_b24ce0cd392a5b0b8dedc66c25213594,Безплатно
appsetbillingaddress_6e15f72a51837e528df003792a367360,Не Начин на показване Наличен
appsetbillingaddress_e01c4498102e120635a233f6ece469da,Не може да се получи на адрес за фактуриране подробности
appsetshippingaddress_3f324964e384daea4b317e5f179016df,Идентификационният номер на кошницата липсва
appsetshippingaddress_e61f52d02b9f52fbe1fd41ed320e29c3,Cart не е намерен
appsetshippingaddress_694e8d1f2ee056f98ee488bdc4982d73,количество
appsetshippingaddress_63d5049791d9d79d86e9a108b0a999ca,препратка
appsetshippingaddress_287234a1ff35a314b5b6bc4e5828e745,Атрибути
appsetshippingaddress_da7a26ae7679cdec15e19468cdc4c66d,информация Кошница зареден успешно
appsetshippingaddress_604279a9bb5369542695f2ad9e6185ca,Обща цена (данък. Без)
appsetshippingaddress_ada0f55ef37f4928c5cd970f378c15e8,Общо ваучери
appsetshippingaddress_7c166105b10b8a6a0c0f1c6540f5cd5e,Общо за опаковане на подаръци
appsetshippingaddress_f4e8b53a114e5a17d051ab84d326cae5,Общо корабоплаване
appsetshippingaddress_c6995d6cc084c192bc2e742f052a5c74,Безплатна доставка!
appsetshippingaddress_b602e0d0c6a72053d0a5be60cb2f8126,Общо Дан
appsetshippingaddress_f3547ae5e06426d87312eff7dda775aa,Обща цена
appsetshippingaddress_f633584ed6ab75aa538bdf7c9269aac1,(Срещу допълнително заплащане на
appsetshippingaddress_bf804c0fa1807646b297f7be6843138f,Изисква се минимална обща покупка на% 1s да потвърдим вашата поръчка, ток общата покупна е% 2s
appsetshippingaddress_a00acc9b49d721d1e3006715a0ce7014,Имейл адресът не е валиден
appsetshippingaddress_dcf951059ca444f87d296d3b192783e6,Клиент с този имейл не съществува
appsetshippingaddress_04f20f929ad93c8a94dbf706e05a9bd6,Не може да се получи на адреса за доставка детайли
appsetshippingaddress_700c53d8cec1b1e9cf6c247944126166,Възникна грешка при актуализирането на количката.
appsetshippingaddress_0383858ad9a560ca2ecb8066c1681807,Изборът на продукт, който не може да бъде доставена от наличната превозвач (и): това е твърде тежко. Моля, изм кошницата си за понижаване на теглото му.
appsetshippingaddress_942649e42a59a56bd717acc3fed307b8,Изборът на продукт не може да бъде доставен от наличната Носителят (ите). Моля, изм кошницата си.
appsetshippingaddress_7c013b3defbf4cec9cd69f2e99a8d84c,Изборът на продукт, който не може да бъде доставена от наличната превозвач (и): размерът му не се вписва. Моля, изм кошницата си за намаляване на размера му.
appsetshippingaddress_78c46e5c6e68799668e5b0af361e8e5d,Все още няма превозвачи, които доставят до някои адреси, които сте избрали.
appsetshippingaddress_3ce77aba56f064e8e177a01a7d88d415,Все още няма превозвачи, които доставят на един адрес, който сте избрали.
appsetshippingaddress_d049e05d0babc4c1643c4b36397be24d,Все още няма превозвачи, които доставят на адреса, който сте избрали.
appsetshippingaddress_51dfe3dfbcd0ea5974aba6663a660a2b,Не Начин на показване Задължително
appsetshippingaddress_b24ce0cd392a5b0b8dedc66c25213594,Безплатно
appsetshippingaddress_6e15f72a51837e528df003792a367360,Не Начин на показване Наличен
appsetshippingaddress_e01c4498102e120635a233f6ece469da,Не може да се получи на адрес за фактуриране подробности
appsetshippingmethod_3f324964e384daea4b317e5f179016df,Идентификационният номер на кошницата липсва
appsetshippingmethod_e61f52d02b9f52fbe1fd41ed320e29c3,Cart не е намерен
appsetshippingmethod_694e8d1f2ee056f98ee488bdc4982d73,количество
appsetshippingmethod_63d5049791d9d79d86e9a108b0a999ca,препратка
appsetshippingmethod_287234a1ff35a314b5b6bc4e5828e745,Атрибути
appsetshippingmethod_da7a26ae7679cdec15e19468cdc4c66d,информация Кошница зареден успешно
appsetshippingmethod_604279a9bb5369542695f2ad9e6185ca,Обща цена (данък. Без)
appsetshippingmethod_ada0f55ef37f4928c5cd970f378c15e8,Общо ваучери
appsetshippingmethod_7c166105b10b8a6a0c0f1c6540f5cd5e,Общо за опаковане на подаръци
appsetshippingmethod_f4e8b53a114e5a17d051ab84d326cae5,Общо корабоплаване
appsetshippingmethod_c6995d6cc084c192bc2e742f052a5c74,Безплатна доставка!
appsetshippingmethod_b602e0d0c6a72053d0a5be60cb2f8126,Общо Дан
appsetshippingmethod_f3547ae5e06426d87312eff7dda775aa,Обща цена
appsetshippingmethod_f633584ed6ab75aa538bdf7c9269aac1,(Срещу допълнително заплащане на
appsetshippingmethod_bf804c0fa1807646b297f7be6843138f,Изисква се минимална обща покупка на% 1s да потвърдим вашата поръчка, ток общата покупна е% 2s
appsetshippingmethod_a00acc9b49d721d1e3006715a0ce7014,Имейл адресът не е валиден
appsetshippingmethod_dcf951059ca444f87d296d3b192783e6,Клиент с този имейл не съществува
appsetshippingmethod_04f20f929ad93c8a94dbf706e05a9bd6,Не може да се получи на адреса за доставка детайли
appsetshippingmethod_700c53d8cec1b1e9cf6c247944126166,Възникна грешка при актуализирането на количката.
appsetshippingmethod_0383858ad9a560ca2ecb8066c1681807,Изборът на продукт, който не може да бъде доставена от наличната превозвач (и): това е твърде тежко. Моля, изм кошницата си за понижаване на теглото му.
appsetshippingmethod_942649e42a59a56bd717acc3fed307b8,Изборът на продукт не може да бъде доставен от наличната Носителят (ите). Моля, изм кошницата си.
appsetshippingmethod_7c013b3defbf4cec9cd69f2e99a8d84c,Изборът на продукт, който не може да бъде доставена от наличната превозвач (и): размерът му не се вписва. Моля, изм кошницата си за намаляване на размера му.
appsetshippingmethod_78c46e5c6e68799668e5b0af361e8e5d,Все още няма превозвачи, които доставят до някои адреси, които сте избрали.
appsetshippingmethod_3ce77aba56f064e8e177a01a7d88d415,Все още няма превозвачи, които доставят на един адрес, който сте избрали.
appsetshippingmethod_d049e05d0babc4c1643c4b36397be24d,Все още няма превозвачи, които доставят на адреса, който сте избрали.
appsetshippingmethod_51dfe3dfbcd0ea5974aba6663a660a2b,Не Начин на показване Задължително
appsetshippingmethod_b24ce0cd392a5b0b8dedc66c25213594,Безплатно
appsetshippingmethod_6e15f72a51837e528df003792a367360,Не Начин на показване Наличен
appsetshippingmethod_e01c4498102e120635a233f6ece469da,Не може да се получи на адрес за фактуриране подробности
appsociallogin_bc9b4a91502bd9531dc9d7b544855a7a,Социално данни не е на разположение.
appsociallogin_23449e6c6fb211fb8bf12eae126cf555,Потребителски вход успешно
appupdateaddress_5058fb0856b024c6a3c18d8e0c764157,адрес за доставка е актуализиран успешно.
appupdateaddress_432100411a1c9a89bf06133afe8b96ce,Възникна грешка при добавяне на вашата адрес.
appupdateaddress_eeabead01c6c6f25f22bf0b041df58a9,Трябва да се регистрирате поне един телефонен номер.
appupdateaddress_66ed24fd1b91e55ae0ad7fdb4ed251c7,Тази страна изисква от вас да избере държава.
appupdateaddress_3dc3fe315fc270e7425b12e157e4619d,Тази страна не е активен.
appupdateaddress_78f66140209a4979028fb80f21be5a44,Най-Zip / Postal код \ 'съм е невалиден. Той трябва да следва този формат:% S
appupdateaddress_50b668816d2acbdb62484bb5ea5d25ab,Изисква се Zip / Пощенски код.
appupdateaddress_e6c1e151f2554afad6c0d551046650e8,Най-Zip / Пощенски код е невалиден.
appupdateaddress_7c77177e0084c27161d63e7de535a1c6,идентификационен номер е неправилен или вече е била използвана.
appupdateaddress_355169a606c66a6a39b8d23609f7329e,псевдоним% S вече е била използвана. Моля, изберете друг.
appupdateaddress_a00acc9b49d721d1e3006715a0ce7014,Имейл адресът не е валиден
appupdateaddress_dcf951059ca444f87d296d3b192783e6,Клиент с този имейл не съществува
appupdatecartquantity_e61f52d02b9f52fbe1fd41ed320e29c3,Cart не е намерен
appupdatecartquantity_694e8d1f2ee056f98ee488bdc4982d73,количество
appupdatecartquantity_6665e3761028c84e1d228de3432229ed,Код
appupdatecartquantity_287234a1ff35a314b5b6bc4e5828e745,Атрибути
appupdatecartquantity_604279a9bb5369542695f2ad9e6185ca,Обща цена (данък. Без)
appupdatecartquantity_ada0f55ef37f4928c5cd970f378c15e8,Общо ваучери
appupdatecartquantity_7c166105b10b8a6a0c0f1c6540f5cd5e,Общо за опаковане на подаръци
appupdatecartquantity_f4e8b53a114e5a17d051ab84d326cae5,Общо корабоплаване
appupdatecartquantity_c6995d6cc084c192bc2e742f052a5c74,Безплатна доставка!
appupdatecartquantity_b602e0d0c6a72053d0a5be60cb2f8126,Общо Дан
appupdatecartquantity_f3547ae5e06426d87312eff7dda775aa,Обща цена
appupdatecartquantity_ec1f68c64fcaf8260cfacf58cd4d4af7,Възползвайте се от нашите ексклузивни оферти
appupdatecartquantity_83af0c74c4cd7eef63a11d3ba7e48fda,с данни за продукти липсва.
appupdatecartquantity_1f4c1c7eb53c734122abd654be5f8164,Количество трябва да бъде по-голяма от нула.
appupdatecartquantity_dfbe69c6d9568ecb0e65e7b32ed92a3a,Продуктът не е намерен
appupdatecartquantity_91e6cde963af2000218553722fc7a093,Този продукт вече не е на разположение.
appupdatecartquantity_4d2c41ad87059d5fd9ea5283cee720a5,Там не е т достатъчно продукт \ "на склад.
appupdatecartquantity_0d38c90d843c787c0be14f790998210c,Трябва да добавите% г минимално количество
appupdatecartquantity_de10fc28511b894f704c1a67fcff7b4f,Вие вече имате максималното налично количество за този продукт.
appupdatecartquantity_14d4a4be033fb0076188581e0ab67808,Каталог на актуализиран успешно
appupdatecartquantity_ce395fa164eff74838bd51a583fb3b65,Без промяна намерени в количеството.
appupdateprofile_7ffc7db3c8072a468937761b9fa9583c,Невалиден Име.
appupdateprofile_5226b39ad81c6d482af27920b0d532ae,Невалиден Фамилия.
appupdateprofile_54084a1c09c68221979d134e9613ef84,Въведената парола не е правилна.
appupdateprofile_f02a41f3e448d379e3c06d39bd3cc4de,Паролата и потвърждението не съвпадат.
appupdateprofile_626295ee4555407394df3e9998e1fc19,Невалидна парола
appupdateprofile_c1e500b0e2c09aa39a86bb1a5ea129ca,Лична информация актуализирана успешно.
appupdateprofile_4a26ddbc1e75f300f27d3ba1f36fcb63,Информацията не може да се актуализира.
appupdateprofile_c56f8985cdec11f87c16beebf6a58b62,Лична информация липсва.
appupdateprofile_b65db11517e70558e870ea4bc6dfbf0e,Клиент с този имейл не е съществува.
appupdateprofile_0e042db7a9a38d0d1c833dd4c141d77d,E-mail адрес липсва или е невалиден.
appgetaddressform_ae7bdef7fe2bbbbf02c11e92c5fceb40,Моя адрес
appgetcartdetails_362dec2f2247134cd9d3cefbcb1c9a6e,Допълнителните разходи за
appgetfilters_9e2941b3c81256fac10392aaca4ccfde,състояние
appgetfilters_c0bd7654d5b278e65f21cf4e9153fdb4,Производител
appgetfilters_3601146c4e948c32b6424d2c0a7f0118,Цена
appgetorderdetails_694e8d1f2ee056f98ee488bdc4982d73,количество
appgetorderdetails_6665e3761028c84e1d228de3432229ed,Код
appgetorderdetails_9dffbf69ffba8bc38bc4e01abf4b1675,Текст
appgetorderdetails_b0f79042ac83c64f3ccc42268c8ade26,Общо продукти
appgetorderdetails_ada0f55ef37f4928c5cd970f378c15e8,Общо ваучери
appgetorderdetails_7c166105b10b8a6a0c0f1c6540f5cd5e,Общо за опаковане на подаръци
appgetorderdetails_f4e8b53a114e5a17d051ab84d326cae5,Общо корабоплаване
appgetorderdetails_f3547ae5e06426d87312eff7dda775aa,Обща цена
appgetsellerproducts_26380f3c8aeeb67ff17d9f961e09e045,идентификатор Продавач липсва
appgetsellerproducts_a5d37da2d02dcb1893938c19016a3834,Продавачът не е намерен
appgetsellerproducts_b1c94ca2fbc3e78fc30069c8d0f01680,всичко
appgetsellerproducts_49ee3087348e8d44e1feda1917443987,име
appgetsellerproducts_3601146c4e948c32b6424d2c0a7f0118,Цена
appgetsellerproducts_0c43922c2fd0b2886820ce8d59d0a425,A-Z
appgetsellerproducts_b45a57134da0f07ba49d5b99713855fa,Z-A
appgetsellerproducts_6b26ffddeab191d3a45e641f47ff780c,От ниска към висока
appgetsellerproducts_4bc0df4deaccf71b305d791e1e3b6f76,От висока към ниска
appgetsellerreviews_26380f3c8aeeb67ff17d9f961e09e045,идентификатор Продавач липсва
appgetsellerreviews_a5d37da2d02dcb1893938c19016a3834,Продавачът не е намерен
appgetsellers_4c555a8b12ac7069095ae1dd3bf43c7e,Не е споменато
appsavesellerreview_26380f3c8aeeb67ff17d9f961e09e045,идентификатор Продавач липсва
appsavesellerreview_a5d37da2d02dcb1893938c19016a3834,Продавачът не е намерен
appsavesellerreview_b494ce60923c04e8e4c91b0d47177d95,изисква се регистрация
appsavesellerreview_ffb5972c963f37cdc76e79c8ab636e74,Не е в състояние да представи своя преглед. Титла или коментар липсва.
appsavesellerreview_ed24e2b88b32983fb74e58cbc7e02038,Не може да се спаси прегледа като опцията е деактивирано от администратор
appsavesellerreview_dfcf16c470a033996c2d1b56340dc2d7,Вашето мнение е изпратен успешно и от други лица, след получаване на одобрение от магазин.
appsavesellerreview_63ef1b9280784b89d4476f66396fc5dd,Вашето мнение е изпратен успешно.
appsavesellerreview_b4d8c9132ae2d46618be30173e75b6ef,Точно сега, системата не е в състояние да представи своя преглед. Моля, опитайте отново по-късно
contact-form_bbaff12800505b22a853e8b7f4eb6a22,контакт
contact-form_2273d1167a6212812d95dc8fadbae78e,Обслужване на клиенти
contact-form_d754a9e8cb640da12849a040f3ca8176,Твоят отговор
contact-form_02d4482d332e1aef3437cd61c9bcc624,Свържете се с нас
contact-form_4ec1c39345fe8820d68463eea8803b0f,Вашето съобщение е изпратено успешно на нашия екип.
contact-form_7c9d4636fc5ed97bb78bc2aac486beab,Съобщението ви вече е било изпратено.
contact-form_b3e4d8d61f99bac80e6aa1774d73445b,изпрати съобщение
contact-form_6c27c08f40e1b0d9901deb9ff5f722f7,заглавие на темата
contact-form_7bc873cba11f035df692c3549366c722,-- Избирам --
contact-form_b357b524e740bc85b9790a0712d84a30,Имейл адрес
contact-form_5d4710f9a8250b13164a82c94d5b00d1,препратка Поръчка
contact-form_deb10517653c255364175796ace3553f,продукт
contact-form_13d6078da2e6592822ede083931d6826,Прикачите файл
contact-form_4c2a8fe7eaf24721cc7a9f0175115bd4,съобщение
contact-form_94966d90747b97d1f0f206c98a8b1ac3,изпращам
contact-form_f787618e514c038851726224d7e4421e,Не е избран файл
contact-form_e635032a5f71d809146d3872389f5b0c,Изберете файл
order-opc_a40cab5994f36d4c48103a22ca082e8f,Вашата пазарска количка
order-opc_78fa1019f9a9759b45c76e186393756f,Вашият нов ред не бе приета.
order-opc_879f6b8877752685a966564d072f498f,Вашата кошница е празна.
order-opc_1f87346a16cf80c372065de3c54c86d9,(С ДДС).
order-opc_21034ae6d01a83e702839a72ba8a77b0,(Данък. Без)
order-opc_ea295188b69aa5e04810abcc38b2b2be,е избран
order-opc_9504d494016e17a6de7e7b51da637bc4,Не носител е избран
order-opc_238a062a6a2543fd85d6616a8506fbe8,Не носител е необходимо за тази цел
order-opc_2e75f367f058646a1ba2fd01ceb74423,Не е нужно да приемете Условията за ползване за тази поръчка.
order-opc_d236af51d8eac54fe7c366af1f6b358c,Условията на услуги са приети
order-opc_25d8efaba32cb44a922a727f20eaa002,Условията на услуги, които не са били приети
order-opc_4ce81305b7edb043d0a7a5c75cab17d0,Има
order-opc_fe816ec4b30c11a39edfd8b0a4cfab49,Грешка (и)
order-opc_af0f5bdc5be121b9307687aeeae38c17,Адрес за доставка
order-opc_601d8c4b9f72fc1862013c19b677a499,Адрес на фактура
order-opc_449374f661344e843453c4e189ddeed8,Промяна на адрес
order-opc_d87f73e8ff8d933ed2ba5ddf25040827,Instant касата
order-opc_ad52144224a9fb9e04b8b9ef22ce36f7,Моля, започнете, като изберете един адрес.
order-opc_b24ce0cd392a5b0b8dedc66c25213594,Безплатно
order-opc_da9d6ec2998a07c31ec9eb93c9f254ed,Вашият адрес за фактуриране
order-opc_8a8c9edb5531fa2f822295d1830d090f,Вашият адрес за доставка
order-opc_06933067aafd48425d67bcb01bba5cb6,Актуализация
app_text_category_products,категория
app_text_demo_app_user_form,Моля попълнете детайлите!
app_text_full_name_demo_app_user,Твоето име*
app_text_email_demo_app_user,Електронна поща*
app_text_store_url_demo_app_user,Вашия магазин Url *
app_text_continue_demo_app_user_form,продължи
app_text_invalid_url,Невалиден съхранява URL!
app_text_invalid_email,Грешен имейл!
app_text_search,Търсене
app_text_shopping_bag,Пазарска чанта
app_text_check_out,Разгледайте
app_text_no_internet,Интернет Проблем
app_text_product_image_viewer,Каталог Image Viewer
app_text_payment_methods,начини за плащане
app_text_wishlist,списък с желания
app_text_seller_comments,Продавачът Коментар (и)
app_text_home,У дома
app_text_category,Категории
app_text_login,Влизам
app_text_logout,Излез от профила си
app_text_login_signup,Вход / Регистрирай се
app_text_account,Моята сметка
app_text_contact,Свържете се с нас
app_text_about,За нас
app_text_add_to_wishlist,Добави към списък с желания
app_text_add_to_cart,Добави в кошницата
app_text_off,от
app_text_all,всичко
app_text_languages,Език (ци)
app_text_sort,Вид
app_text_filter,филтър
app_text_sort_order,Изберете реда на сортиране
app_text_price_asce,Цена: от ниска към висока
app_text_price_desc,Цена: от висока към ниска
app_text_product,продукт
app_text_select,Изберете
app_text_instock,В наличност
app_text_outstock,Няма в наличност
app_text_product_info,Информация за продукта и хигиена
app_text_customization,персонализиране на продукта
app_text_accessories,аксесоари
app_text_view_less,Преглед на по-малко
app_text_view_more,Виж повече
app_text_provide_details,Моля, посочете подробности
app_text_bag,Пазарска чанта
app_text_apply_voucher,Прилагане на талона
app_text_entry_voucher_code,Въведете кода на ваучера
app_text_apply,Приложи
app_text_gift,Опаковъчна хартия
app_text_entry_message,Въведете съобщението си
app_text_available_first,Изпрати налични продукти първия
app_text_continue_shopping,Продължи пазаруването
app_text_continue_checkout,Продължи с поръчката
app_text_update_quantity,новия брой
app_text_enter_quantity,Въведете количество
app_text_empty_cart,Ви за доставка Кошницата е празна!
app_text_goto_home,Отидете в началната страница
app_text_review_your_order,Прегледайте поръчката
app_text_add_new_shipping_address,Добавяне на нов адрес
app_text_history,Подробности за доставката
app_text_summary,Обобщена информация за поръчката
app_text_shipping_methods,доставка Методи
app_text_comment,Поръчка коментар
app_text_payment_summary,Заплащане Резюме
app_text_proceed,Продължете да Заплащане
app_text_make_payment,Извършвам плащане
app_text_congratulations,Честито
app_text_addresses,Адрес (и)
app_text_order_detail,Подробности за поръчката
app_text_update_personal,Обновяване на лични Детайли
app_text_update_password,Актуализация на парола
app_text_current_password,Настояща парола
app_text_new_password,нова парола
app_text_confirm_password,потвърди парола
app_text_cancel,Отказ
app_text_save,Запази
app_text_order_ref,Поръчка Референтен
app_text_status,Статус
app_text_placed,Сложен на
app_text_reorder,Пренареждане
app_text_order_details,подробности за поръчката
app_text_status_history,История Статус
app_text_shipping_address,Адрес за доставка
app_text_order_summary,Обобщена информация за поръчката
app_text_shipping_method,Начин на доставка
app_text_payment_method,Начин на плащане
app_text_gift_wrapping,Опаковане на подаръци
app_text_no_shipping_address,Не адрес за доставка на разположение!
app_text_no_order_details,Няма подробности за поръчка на разположение!
app_text_signup,Регистрирай се
app_text_continue_guest,Продължи като гост
app_text_email,електронна поща
app_text_password,парола
app_text_forgot_password,Забравена парола
app_text_login_social_account,Можете да влезете с социален профил.
app_text_login_with_google,Влез с Google+
app_text_login_with_facebook,Влез с Facebook
app_text_signup_with_google,За регистрация с Google+
app_text_signup_with_facebook,За регистрация с Facebook
app_text_msg_enter_valid_email,Моля, въведете валиден имейл!
app_text_msg_enter_email,Моля, въведете имейл!
app_text_msg_enter_password,Моля, въведете паролата!
app_text_msg_password_characters_less_than_3,Моля, въведете паролата като герои повече от или равно на 3!
app_text_msg_first_name,Първо име
app_text_msg_last_name,Фамилия
app_text_msg_dob,Дата на раждане
app_text_msg_confirm_password,потвърди парола
app_text_msg_personal_details,Лични данни
app_text_msg_pass_not_matched,Парола и Потвърждение на паролата не съвпадат!
app_text_sold_by,Продаден от:
app_text_write_review,Напиши отзив
app_text_view_review,Преглед Преглед (а)
app_text_view_seller_products,Вижте Продавач продукт (а)
app_text_wait,Моля Изчакай
app_text_loading,Данните се зареждат ...
app_text_msg_went_wrong,Нещо се обърка. Моля, опитайте отново.
app_text_msg_no_internet_found,Няма връзка с интернет намерен.
app_text_msg_no_internet_title,No Интернет
app_text_msg_request,Заявката не може да бъде процес. Това може да се дължи на бавния интернет връзка.
app_text_msg_order_placed_email,Вашата поръчка е направена successfully.You ще получите имейл за едни и същи.
app_text_msg_product_look,Можете да потърсите продукт (и) от тяхната категория.
app_text_msg_search_product,Можете да търсите всеки продукт в магазина с текстови или гласови!
app_text_msg_view_cart,Можете да видите кошницата с количество!
app_text_msg_logout,Вие излезете успешно!
app_text_msg_view_product,Можете да видите продукта в режим на мрежа списък или!
app_text_msg_sort_product,Можете да сортирате продукт от цената им!
app_text_msg_filter_product,Можете да филтрирате продукт (и) според вашите нужди!
app_text_text_next,Следващия
app_text_text_okay,добре
app_text_required,длъжен
app_text_msg_rating,Моля, изберете рейтинг
app_text_msg_add_cart,Можете да добавите в кошницата, като кликнете върху бутона \ 'Добави в кошницата \'!
app_text_msg_add_wishlist,Можете да добавите продукт в списъка с желания, като кликнете върху бутона \ 'Добави в списък с желания \'!
app_text_msg_product_price,Цена на продукта е актуализиран!
app_text_msg_product_not_available,Този продукт не е наличен за поръчка!
app_text_msg_combination,Тази комбинация не съществува за този продукт. Моля, изберете друга комбинация.
app_text_msg_product_no_stock,Този продукт не е наличен в желаното количество, или не в наличност!
app_text_msg_out_stock,Някои от продуктите в кошницата, не са на разположение в желаното количество, или не на склад. Моля, премахнете това продукт (и) от количка!
app_text_msg_checkout_products,Можете да касата продукти в количката, като кликнете върху бутона "Напред с поръчката".
app_text_msg_apply_voucher,Можете да кандидатствате ваучер за пазарска количка!
app_text_msg_update_quantity,Можете да актуализирате количество от продукта, или да го премахнете от кошницата!
app_text_msg_view_details,Можете да видите подробности за продукта, като кликнете върху изображението на продукта!
app_text_msg_success,Успех!
app_text_msg_failure,Неспазването!
app_text_msg_enter_quantity,Моля, въведете количество
app_text_quantity,количество
app_text_remove,Премахване
app_text_customization_details,персонализиране Детайли
app_text_msg_add_address,Можете да добавите нов адрес за доставка, като кликнете върху бутона!
app_text_msg_update_address,Можете да актуализирате адрес за доставка!
app_text_msg_select_address,Можете да изберете някоя адрес за доставка, като кликнете върху него!
app_text_select_address_text,* Моля, изберете адрес за доставка, за да прегледате поръчката.
app_text_msg_no_product,Няма продукти на разположение!
app_text_msg_no_comment_available,Без коментар (и) на разположение!
app_text_msg_reset_password,Можете да смените паролата си, като кликнете `Забравете Password`
app_text_msg_login,Можете да влезете в магазина от тук!
app_text_msg_login_fb,Можете също така да влезете в магазина от вашия Facebook профил!
app_text_msg_login_google,Можете също така да влезете в магазина от профила си в Google!
app_text_msg_update_profile,Можете да актуализирате детайли от профила, данните за доставка или да видите данните за поръчката си от тук!
app_text_product_info_and_care,Информация за продукта и хигиена
app_text_download,Изтегли
app_text_minimal_quantity,Минимално количество
app_text_seller_details,информация за продавача
app_text_pack_content,пакет съдържание
app_text_submit,Изпращане
app_text_msg_forget_password,Въведете адреса на електронната поща, свързани с профила ви. Кликнете представя да има парола по електронна поща за вас.
app_text_enter_your_email,Въведете вашия имейл
app_text_reset_password,Възстановяване на паролата
app_text_view_selected_filter,Можете да видите избрания от вас резултат филтър, като кликнете върху тази снимка!
app_text_clear_selected_filter,Можете да изчистите прилага филтъра, като кликнете върху тази снимка!
app_text_no_filter,Не филтри
app_text_phone_number_required,* Трябва да се регистрирате поне един телефонен номер
app_text_refresh,Обновяване
app_text_internet_connection_failed,Неуспешно свързване с интернет!
app_text_internet_connection_problem,Възможно е да има някакъв проблем с интернет връзката ви. Моля те, провери.
app_text_cancel_transaction,Отмени сделка
app_text_middle_of_payment,Вие сте в средата на процеса на транзакцията ви плащане. Наистина ли искате откажете от сделката?
app_text_yes,да
app_text_no,Не
app_text_enter_your_comment,Въведете вашия коментар
app_text_msg_shipping_methods_unavailable,За някои продукт (и), начините за доставка не са налични. Моля, премахнете това продукт (и) от количката и опитайте отново.
app_text_msg_select_shipping_methods,Моля, изберете начин на доставка
youtube_api_key,AIzaSyA1UXXtMmvYcsJpcUMCXRENdi_gDYXPpe0
server_not_found,Сървърът не е намерен
authorization_error,Разрешение за грешка
check_internet_connection,Network Connection Error.Please проверете интернет връзката си
parse_error,Грешка при анализа на API
app_text_share_log,Сподели Вход
app_text_payment_failed_contact_support,Вашата поръчка не може да бъде обработена. Моля да се свържете с поддръжката на всички въпроси
app_text_choose_payment_method,Изберете начин на плащане
app_text_no_payment_method,Не Начин на плащане (а)!
app_text_no_payment_currently,Не са начин за плащане в момента.
app_text_no_make_payment,Ти спечели т \ "да бъде в състояние да извърши плащане, тъй като това мобилен App е настройка за примерни.
app_text_make_payment_after_select,Можете да направите плащане, след като изберете всеки метод на плащане!
app_text_title_paypal_payment,PayPal Плащане
app_text_order_total_price,Поръчка Обща цена
app_text_user_cancelled_the_payment,Прекратено от потребителя плащане
app_text_invalid_payment_try_again,Невалиден плащане. Моля, опитайте отново
app_text_wishlist_item_removed,Точка отстранява от желания.
app_text_wishlist_item_added,Елементът е добавен към списък с желания
app_text_subject,Ей Вижте това!
app_text_text_extra_share,Предлага се тук:
app_text_share_intent_title,Дял
app_text_error_product_name_url,Името на продукта или адреса може да бъде празно.
app_text_tag_error,грешка
app_text_view_your_store,Преглед на вашия магазин
app_text_view_demo,Вижте Demo
app_text_currency,Валутна (и)
app_text_same_as_shipping_details,Същия като адреса за доставка
app_text_billing_details,данните за таксуване
app_text_shipping_addresses,Адрес за доставка (и)
app_text_billing_addresses,Адрес за фактуриране (и)
app_text_billing_address,адрес на плащане
app_text_sellers,Продавачите
app_text_seller,продавач
app_text_seller_shipping_policy,Правила за доставка
app_text_seller_return_policy,Условия за връщане
app_text_review_title,Заглавие *
app_text_review_comment,коментар *
app_text_review_rating,Оценка *
app_text_filter_products,Филтър продукт (а)
app_text_select_category,Избери категория
app_text_select_sort,Изберете Сортирайте
app_text_clear,ясно
app_text_edit,редактиране
app_text_cart,количка
app_text_move_to_cart,Преместване в кошницата
app_text_no_shipping_method_available,Не Начин за доставка в наличност
app_text_module_not_installed,Моля, свържете се с администратора на сайта, за да видите данните на тази страница.
app_text_no_data_found,Няма данни!
app_text_enter_coupon_code,Въведете код на талона
app_text_apply_coupon,Нанесете Купон
app_text_add_more_in_cart,Добавете още в количка, за да поставите този ред
app_text_shipping_details,Подробности за доставката
app_text_choose_app_theme,Изберете вашия App Тема
app_text_enter_store_url,Въведете вашия адрес в магазина
app_text_sample_store_url,Ex: http://your_store.com/
app_text_downloads,Downloads
app_text_done,Свършен
app_text_posted_on,Публикувано на:
app_text_commented_by,Коментирано от:
app_text_seller_comment,Коментар:
app_text_open,отворено
app_text_order_status,отворено
app_text_special_products,Специални продукти
app_text_product_information,Информация за продукта
app_text_featured_products,фокус Продукти
app_text_requested_gift_order,Заявили сте опаковане на подаръци за тази цел
app_text_step_one_of_three,стъпка 1/3
app_text_review_checkout,Преглед Checkout
app_text_your_wishlist_is_empty,Списъкът с желания е празен!
app_text_no_shipping_method,Не Начин за доставка в наличност
app_text_no_order_found,Не Поръчка Намерени!
app_text_percent_off,% отстъпка
app_text_coupon_length_validation,Купон код символи трябва да бъдат по-големи или равни на 4.
app_text_coupon_code_removed,Купон отстъпка е била отстранена успешно!
app_text_facebook_login_cancelled,Facebook вход е бил отменен.
app_text_facebook_login_failure,Facebook Вход Неизправност:
app_text_login_failed,Неуспешно влизане!
app_text_wrong_url_install_mab,Може да сте влезли грешен URL или не сте инсталирате мобилното ни приложение строител модул.
app_text_install_module,Инсталирайте Модул
app_text_text_loading,Зареждане
app_text_text_exception,Изключение:
app_text_msg_reset_password_click,Можете да смените паролата си, като кликнете върху \ 'Забравете парола \ "!
app_text_login_from_here,Можете да влезете в магазина от тук!
app_text_login_from_facebook_account,Можете също така да влезете в магазина от вашия Facebook профил!
app_text_login_from_google_account,Можете също така да влезете в магазина от профила си в Google!
app_text_text_warning,Внимание!
app_text_update_address_if_exists,Можете да актуализирате адрес за доставка, или изберете друг адрес, ако съществува!
app_text_continue_to_checkout_click_msg,Можете да касата продукти в количката, като кликнете върху бутона \ "Продължаване към Checkout \ '!
app_text_please_enter_store_url,Моля, въведете URL магазин
app_text_product_not_desired_quantity,Някои от продуктите в кошницата, не са на разположение в желаното количество, или не на склад. Моля, премахнете това продукт (и) от количка!
app_text_select_shipping_methods,Изберете начина за доставка (и)
app_text_send_email,Изпратете имейл...
app_text_error_in_google_sign_in,Някои грешки в Google login.Please опитайте отново.
app_text_process_payment_problem,настъпили Някои грешка при обработката на плащането. Моля, опитайте отново.
app_text_text_state,състояние
app_text_update_address,Адрес за актуализация
app_text_unit_price,Единична цена
app_text_total_price,Обща цена
app_text_text_totals,суми
app_text_text_success,Успех!
app_text_sale,продажба
app_text_new,нов
app_text_title_payment_paypal,PayPal Плащане
app_text_extra_share,Предлага се тук:
app_text_intent_title,Дял
app_text_ok,Добре
app_text_choose_your_app_theme,Изберете вашия App Тема
app_text_terms_and_conditions,Условия за ползване
app_text_wishlist_only,списък с желания
app_text_wishlist_remove,Махни от списък с желания
app_text_state_not_required,Членка не се изисква за избраната страна
app_text_currencies,Валутна (и)
app_text_payment_failed,настъпили Някои грешка при обработката на плащането. Моля, опитайте отново
app_text_entered_wrong_url,Може да сте влезли грешен URL или не сте инсталирали мобилното ни приложение строител bodule.
app_text_choose_your_app_theme,Изберете вашия App Тема
app_text_fill_all_required_fields,Моля, попълнете всички задължителни полета.
appgetwishlist_694e8d1f2ee056f98ee488bdc4982d73,количество
appgetwishlist_6665e3761028c84e1d228de3432229ed,Код
appgetwishlist_287234a1ff35a314b5b6bc4e5828e745,Атрибути
app_text_share_feedback,Сподели обратна връзка / заявка по поръчка на климата
app_text_install_whatsapp,Whatsapp не е инсталиран на вашето устройство
app_text_no_account_registered,Не сметката е регистрирано за биометрична автентификация в това устройство. Моля, регистрирайте първи.
app_text_confirm_for_authentication,Потвърдете вашия пръстов отпечатък или с лице за удостоверяване.
app_text_login_with_fingerprint,Влез с пръстови отпечатъци
app_text_register_for_fingerprint,Регистрирайте се за пръстови отпечатъци Вход
app_text_biometric_not_available,Биометрична идентификация не е налична за това устройство.
app_text_fingerprint_not_recognized,Touch ID не разпознава вашия пръстов отпечатък. Моля, опитайте отново с включени пръстови отпечатъци.
app_text_face_not_recognizes,Face ID не разпознава лицето ви. Моля, опитайте отново с включени ти лице.
app_text_fingerprint_or_face_not_enrolled,Не пръстови отпечатъци / лицето записани в устройството.
app_text_biometry_locked_out,Функционалност е заключена сега, заради твърде много неуспешни опити.
app_text_register_for_fingerpring,Регистрирайте се за пръстови отпечатъци
app_text_register_for_fingerprint_details,Искате ли да се регистрирате на този профил за функционалност пръстови отпечатъци. След като приключите, можете да влезете в този профил, без да използвате Id имейл или парола, само с помощта на проверката на пръстови отпечатъци.
app_text_register,Регистрирам
app_text_verify,Уверете се,
app_text_get_otp,Вземи OTP
app_text_mobile_number,Мобилен номер
app_text_mobile_number_optional,Мобилен номер (по избор)
app_text_error_number_verification,Мобилният номер не може да бъде проверена! Моля, опитайте отново с правилния номер на OTP!
app_text_phone_number_already_exists,Телефонен номер вече е регистриран. Моля, опитайте отново с друг телефонен номер!
app_text_number_verification,Проверка Номер
app_text_number_verification_description,Трябва да потвърдите телефонния номер. Моля, въведете телефонния номер и да представят
app_text_login_with_phone_number,Влез с телефонен номер
app_text_fingerprint_not_available,Разпознаването на пръстов отпечатък не е на разположение на това устройство!
app_text_fingerprint_not_enrolled,Не пръстови отпечатъци, записани в устройството.
app_text_android_marshmallow_required,Поне Android Зефир се изисква за подпомагане на удостоверяване чрез пръстов отпечатък.
app_text_fingerprint_error_try_again,Има някаква грешка с пръстови отпечатъци. Моля, опитайте отново или да продължите без пръстови отпечатъци!
app_text_fingerprint_wipe_sensor_try_again,Възможно е да има някакъв прах върху сензора за пръстови отпечатъци. Моля, изтрийте го и опитайте отново.
app_text_place_your_finger_on_sensor,Поставете пръста си върху сензора, за да продължите
app_text_sec,Sec
app_text_min,Min
app_text_hour,Hour








































































































































