apicall_954834405d762e3b854af89d3841eb2a,Fordern Sie nicht verfügbar
appcheckabandonedcart_0259a1bb6da0603027485ebdec0e64e3,Benachrichtigung gesendet erfolgreich
appcheckabandonedcart_32cc9bac41739e0edebc83e239783807,Verlassene Warenkorb Einstellung deaktiviert
appcheckabandonedcart_d5591d98b2f74d48205cfba7803045cf,Sie sind nicht autorisiert auf diese Seite zuzugreifen
apppayment_c91ceabee74d73ebaa1c93e38a108179,Unfähig Wagen zu laden, fehlt Warenkorb-ID.
apppayment_02d12101fb0f9afa9e6edb0fef748a42,Unfähig Wagen zu laden, ist Wagen nicht gültig.
apppayment_5189067f57ecc2a8b0fed9324bb808ca,Lieferadresse ist nicht gültig.
apppayment_208a75cceeac8424211bff23a9c5fae9,Kunde E-Mail ist nicht gültig
apppayment_dcf951059ca444f87d296d3b192783e6,Kunden mit dieser E-Mail nicht existieren
apppayment_dd6b089a49908d671c3e9cc8dc5899ae,ungültige Nachricht
appaddaddress_5058fb0856b024c6a3c18d8e0c764157,Lieferadresse wurde erfolgreich aktualisiert.
appaddaddress_51c3de87708e874610d18c0f70e525a3,Lieferadresse wurde erfolgreich hinzugefügt.
appaddaddress_432100411a1c9a89bf06133afe8b96ce,Ein Fehler ist aufgetreten, während die Adresse hinzufügen.
appaddaddress_eeabead01c6c6f25f22bf0b041df58a9,Sie müssen mindestens eine Telefonnummer registrieren.
appaddaddress_66ed24fd1b91e55ae0ad7fdb4ed251c7,Dieses Land erfordert, dass Sie einen Staat zu wählen.
appaddaddress_3dc3fe315fc270e7425b12e157e4619d,Dieses Land ist nicht aktiv.
appaddaddress_78f66140209a4979028fb80f21be5a44,Die Zip / Postleitzahl Sie \ 'eingegeben hat, ist ungültig. Es muss in diesem Format folgen:% s
appaddaddress_50b668816d2acbdb62484bb5ea5d25ab,Ein Zip / Postleitzahl ist erforderlich.
appaddaddress_e6c1e151f2554afad6c0d551046650e8,Die Zip / Postleitzahl ist ungültig.
appaddaddress_7c77177e0084c27161d63e7de535a1c6,Die Identifikationsnummer ist falsch oder wird bereits verwendet.
appaddaddress_355169a606c66a6a39b8d23609f7329e,Die Alias% s wird bereits verwendet. Bitte wählen Sie eine andere.
appaddaddress_a00acc9b49d721d1e3006715a0ce7014,Email Adresse ist nicht gültig
appaddaddress_dcf951059ca444f87d296d3b192783e6,Kunden mit dieser E-Mail nicht existieren
appaddgiftwrapping_e61f52d02b9f52fbe1fd41ed320e29c3,Warenkorb nicht gefunden
appaddgiftwrapping_694e8d1f2ee056f98ee488bdc4982d73,Menge
appaddgiftwrapping_6665e3761028c84e1d228de3432229ed,SKU
appaddgiftwrapping_287234a1ff35a314b5b6bc4e5828e745,Attribute
appaddgiftwrapping_604279a9bb5369542695f2ad9e6185ca,Gesamtpreis (ohne MwSt.)
appaddgiftwrapping_ada0f55ef37f4928c5cd970f378c15e8,insgesamt Gutscheine
appaddgiftwrapping_7c166105b10b8a6a0c0f1c6540f5cd5e,Insgesamt Geschenkverpackung
appaddgiftwrapping_f4e8b53a114e5a17d051ab84d326cae5,insgesamt Versand
appaddgiftwrapping_c6995d6cc084c192bc2e742f052a5c74,Kostenloser Versand!
appaddgiftwrapping_b602e0d0c6a72053d0a5be60cb2f8126,Total Tax
appaddgiftwrapping_f3547ae5e06426d87312eff7dda775aa,Gesamtpreis
appaddgiftwrapping_ec1f68c64fcaf8260cfacf58cd4d4af7,Nutzen Sie unsere exklusiven Angebote
appaddtocart_d0be3f6fa5d819a2a4b8cbf33ed465fe,Produktdaten fehlen
appaddtocart_dfbe69c6d9568ecb0e65e7b32ed92a3a,Produkt nicht gefunden
appaddtocart_b771481cd2413f3944a8dd1a7336a7a6,ungültige Nachricht
appaddtocart_884d700eec6bda171ce20acc5195fb3d,In Mindestmenge an Produkt
appaddtocart_92a8d89d9ecdd91b4cc4566666b16a60,Unfähig Produkt in den Warenkorb legen
appaddtocart_d09302c4932f23969957f06289bfddb3,Das Produkt wurde hinzugefügt
appaddtowishlist_64d3e466dc798bae867ca9044b65822e,Nicht imstande, ein Produkt zu laden
appaddtowishlist_ac588dbf1ea617c2628b10c2406e0ed0,Wunschliste Modul ist entweder inaktiv oder nicht installiert.
appaddtowishlist_b65db11517e70558e870ea4bc6dfbf0e,Kunden mit dieser E-Mail ist nicht vorhanden.
appaddtowishlist_0e042db7a9a38d0d1c833dd4c141d77d,E-Mail-Adresse fehlt oder ist ungültig.
appaddtowishlist_6cba49b790757be59e258de6d28fa078,Artikel haben Wunschliste
appapplydelayshipping_e61f52d02b9f52fbe1fd41ed320e29c3,Warenkorb nicht gefunden
appapplydelayshipping_694e8d1f2ee056f98ee488bdc4982d73,Menge
appapplydelayshipping_6665e3761028c84e1d228de3432229ed,SKU
appapplydelayshipping_287234a1ff35a314b5b6bc4e5828e745,Attribute
appapplydelayshipping_604279a9bb5369542695f2ad9e6185ca,Gesamtpreis (ohne MwSt.)
appapplydelayshipping_ada0f55ef37f4928c5cd970f378c15e8,insgesamt Gutscheine
appapplydelayshipping_7c166105b10b8a6a0c0f1c6540f5cd5e,Insgesamt Geschenkverpackung
appapplydelayshipping_f4e8b53a114e5a17d051ab84d326cae5,insgesamt Versand
appapplydelayshipping_c6995d6cc084c192bc2e742f052a5c74,Kostenloser Versand!
appapplydelayshipping_b602e0d0c6a72053d0a5be60cb2f8126,Total Tax
appapplydelayshipping_f3547ae5e06426d87312eff7dda775aa,Gesamtpreis
appapplydelayshipping_824a96e60e7720c695e8c6f7abd856f4,Eine Mindestabnahme insgesamt% 1s benötigt, um Ihre Bestellung, aktuelle Gesamt ist% 2s zu validieren
appapplydelayshipping_ec1f68c64fcaf8260cfacf58cd4d4af7,Nutzen Sie unsere exklusiven Angebote
appapplyvoucher_e61f52d02b9f52fbe1fd41ed320e29c3,Warenkorb nicht gefunden
appapplyvoucher_694e8d1f2ee056f98ee488bdc4982d73,Menge
appapplyvoucher_6665e3761028c84e1d228de3432229ed,SKU
appapplyvoucher_287234a1ff35a314b5b6bc4e5828e745,Attribute
appapplyvoucher_604279a9bb5369542695f2ad9e6185ca,Gesamtpreis (ohne MwSt.)
appapplyvoucher_ada0f55ef37f4928c5cd970f378c15e8,insgesamt Gutscheine
appapplyvoucher_7c166105b10b8a6a0c0f1c6540f5cd5e,Insgesamt Geschenkverpackung
appapplyvoucher_f4e8b53a114e5a17d051ab84d326cae5,insgesamt Versand
appapplyvoucher_c6995d6cc084c192bc2e742f052a5c74,Kostenloser Versand!
appapplyvoucher_b602e0d0c6a72053d0a5be60cb2f8126,Total Tax
appapplyvoucher_f3547ae5e06426d87312eff7dda775aa,Gesamtpreis
appapplyvoucher_ec1f68c64fcaf8260cfacf58cd4d4af7,Nutzen Sie unsere exklusiven Angebote
appapplyvoucher_e15b9d349af7453e81350c8ffd2a7615,Sie müssen einen Gutscheincode eingeben
appapplyvoucher_f49f486fa8a77bcf2d4506587422ed4f,Der Gutscheincode ist ungültig
appapplyvoucher_a866f5cd5e6f4bc4e3ccb09293101e4e,Gutschein angewendet erfolgreich in den Warenkorb
appapplyvoucher_e062b646b60fd5fffc3c21afe87eb2ce,Diese Funktion ist nicht aktiv für diesen Gutschein
appcheckorderstatus_dfcd44bdec4088a7597f5a3d85c6d5bf,Unfähig Warenkorb zu laden
appcheckorderstatus_430328c36edf7e197527273c216533a2,Bestellen Sie dieses Warenkorb erstellt
appcheckorderstatus_a00acc9b49d721d1e3006715a0ce7014,Email Adresse ist nicht gültig
appcheckorderstatus_dcf951059ca444f87d296d3b192783e6,Kunden mit dieser E-Mail nicht existieren
appcheckout_3f324964e384daea4b317e5f179016df,Wagen ID fehlt
appcheckout_e61f52d02b9f52fbe1fd41ed320e29c3,Warenkorb nicht gefunden
appcheckout_694e8d1f2ee056f98ee488bdc4982d73,Menge
appcheckout_63d5049791d9d79d86e9a108b0a999ca,Referenz
appcheckout_287234a1ff35a314b5b6bc4e5828e745,Attribute
appcheckout_da7a26ae7679cdec15e19468cdc4c66d,Warenkorb Informationen erfolgreich geladen
appcheckout_604279a9bb5369542695f2ad9e6185ca,Gesamtpreis (ohne MwSt.)
appcheckout_ada0f55ef37f4928c5cd970f378c15e8,insgesamt Gutscheine
appcheckout_7c166105b10b8a6a0c0f1c6540f5cd5e,Insgesamt Geschenkverpackung
appcheckout_f4e8b53a114e5a17d051ab84d326cae5,insgesamt Versand
appcheckout_c6995d6cc084c192bc2e742f052a5c74,Kostenloser Versand!
appcheckout_b602e0d0c6a72053d0a5be60cb2f8126,Total Tax
appcheckout_f3547ae5e06426d87312eff7dda775aa,Gesamtpreis
appcheckout_f633584ed6ab75aa538bdf7c9269aac1,(Zusätzliche Kosten von
appcheckout_a00acc9b49d721d1e3006715a0ce7014,Email Adresse ist nicht gültig
appcheckout_dcf951059ca444f87d296d3b192783e6,Kunden mit dieser E-Mail nicht existieren
appcheckout_04f20f929ad93c8a94dbf706e05a9bd6,Unfähig Lieferadresse Details zu erhalten
appcheckout_700c53d8cec1b1e9cf6c247944126166,Ein Fehler ist aufgetreten, während die Wagen zu aktualisieren.
appcheckout_78c46e5c6e68799668e5b0af361e8e5d,Es gibt keine Träger, die einige Adressen, die Sie ausgewählt liefern.
appcheckout_3ce77aba56f064e8e177a01a7d88d415,Es gibt keine Träger, die Sie ausgewählt, um eine Adresse zu liefern.
appcheckout_d049e05d0babc4c1643c4b36397be24d,Es gibt keine Träger, die an die angegebene Adresse ausgewählt liefern.
appcheckout_51dfe3dfbcd0ea5974aba6663a660a2b,Keine Lieferung Methode Erforderlich
appcheckout_b24ce0cd392a5b0b8dedc66c25213594,Kostenlos
appcheckout_6e15f72a51837e528df003792a367360,Keine Lieferung Methode verfügbar
appcheckout_e01c4498102e120635a233f6ece469da,Nicht imstande, Rechnungsadresse Details zu erhalten
appcore_453584dcf31a45f1a2285e736091ab88,Mobile App-Modul ist deaktiviert.
appcore_eef6d0bfb2baac0933acaeb8386f3bf3,Mobile App-Modul ist entweder inaktiv oder nicht installiert.
appcore_de0d079814594c9a07785c5433b7830f,Unfähig Produktliste zu bekommen
appcreateorder_3f324964e384daea4b317e5f179016df,Wagen ID fehlt
appcreateorder_e61f52d02b9f52fbe1fd41ed320e29c3,Warenkorb nicht gefunden
appcreateorder_a00acc9b49d721d1e3006715a0ce7014,Email Adresse ist nicht gültig
appcreateorder_dcf951059ca444f87d296d3b192783e6,Kunden mit dieser E-Mail nicht existieren
appcreateorder_04d56d3845162acfb694a4a9e43652d2,Können \ 't Auftragsstatus laden
appcreateorder_bd46744c55c6dcf066dd125fedf954a6,Sichere Schlüssel nicht übereinstimmt
appcreateorder_cd53515e3ac8aaa8cbef5e3d66d934e1,CartRule in diesem Wagen verwendet wird, ist nicht gültig und wird aus dem Warenkorb zurückgezogen
appcreateorder_9056f5dba2507645e07d0c7b55c74c90,Einkaufswagen ist leer.
appcreateorder_f7328eec8ea840e9eeafae3766e4bca9,Die Lieferadresse Land ist nicht aktiv.
appcreateorder_21117dd42fc79f46a81ccb5f7d66c460,Bestellen kann nicht erstellt werden
appcreateorder_a6addeb40ed0462485e6e95ba6def81f,Fehler bei der Einsparung um die Zahlung
appcreateorder_845c771e8459c46db334e5ad7bbad9b8,Bestellen Sie erfolgreich erstellt
appcreateorder_b08d3867be98e6fff3233cd40ab8134a,Auftragserstellung fehlgeschlagen
appcreateorder_43423b4056880b08f2c9aa50d8670531,Wagen kann nicht geladen werden oder eine Bestellung bereits platziert worden, um diesen Wagen mit
appforgotpassword_e267e2be02cf3e29f4ba53b5d97cf78a,Ungültige E-Mail-Adresse.
appforgotpassword_b51cb75f23091c0f98bea54ae7615080,Es gibt kein Konto für diese E-Mail-Adresse registriert.
appforgotpassword_194496a52d41fba1c9e6140c4eb34f83,Sie können das Kennwort für dieses Konto regenerieren.
appforgotpassword_922dc0515643fb69585b67281692644a,Sie können Ihr Passwort nur alle% d Minuten regenerieren (s)
appforgotpassword_62a0ad9b46a5eed332c032b0c11ce07a,Eine Bestätigungsmail wurde an Ihre Adresse geschickt:
appforgotpassword_6e2fc94479ac0c63543886a235e3370c,Ein Fehler ist aufgetreten, während die E-Mail zu senden.
appforgotpassword_ea3729ee448ef1d87bd298843f658749,E-Mail-Parameter nicht gesetzt
appgetaddressdetails_69fb27bd2e44f47a9ae98aa1695df278,Unfähig Adresse zu laden
appgetaddressdetails_c462960a6bd53db34f778d0562703ad3,Umsatzsteuer-Identifikationsnummer
appgetaddressdetails_b60bb13a87fe3ae5463aeb0980a5a8a1,Identifikationsnummer
appgetaddressdetails_e4eb5dadb6ee84c5c55a8edf53f6e554,PLZ / Postleitzahl
appgetaddressdetails_20db0bfeecd8fe60533206a2b5e9891a,Vorname
appgetaddressdetails_8d3f5eff9c40ee315d452392bed5309b,Nachname
appgetaddressdetails_dd7bf230fde8d4836917806aff6a6b27,Adresse
appgetaddressdetails_846a54955f32846032981f8fe48c35ff,Adresszeile 2)
appgetaddressdetails_57d056ed0984166336b7879c2af3657f,Stadt
appgetaddressdetails_59716c97497eb9694541f7c3d37b1a4d,Land
appgetaddressdetails_46a2a41cc6e552044816a2d04634545d,Zustand
appgetaddressdetails_1c76cbfe21c6f44c1d1e59d54f3e4420,Unternehmen
appgetaddressdetails_fe66abce284ec8589e7d791185b5c442,Festnetztelefon
appgetaddressdetails_41c2fff4867cc204120f001e7af20f7a,Mobiltelefon
appgetaddressdetails_0f68b904e33d9ac04605aecc958bcf52,Zusätzliche Information
appgetaddressdetails_711ccfcebd3f316fa55e127061a1044a,Adresse Titel
appgetaddressdetails_37e084acb152f3e6a5877f861e08819e,Adresse erfolgreich geladen
appgetaddressform_c462960a6bd53db34f778d0562703ad3,Umsatzsteuer-Identifikationsnummer
appgetaddressform_b60bb13a87fe3ae5463aeb0980a5a8a1,Identifikationsnummer
appgetaddressform_e4eb5dadb6ee84c5c55a8edf53f6e554,PLZ / Postleitzahl
appgetaddressform_20db0bfeecd8fe60533206a2b5e9891a,Vorname
appgetaddressform_8d3f5eff9c40ee315d452392bed5309b,Nachname
appgetaddressform_dd7bf230fde8d4836917806aff6a6b27,Adresse
appgetaddressform_846a54955f32846032981f8fe48c35ff,Adresszeile 2)
appgetaddressform_57d056ed0984166336b7879c2af3657f,Stadt
appgetaddressform_59716c97497eb9694541f7c3d37b1a4d,Land
appgetaddressform_46a2a41cc6e552044816a2d04634545d,Zustand
appgetaddressform_1c76cbfe21c6f44c1d1e59d54f3e4420,Unternehmen
appgetaddressform_fe66abce284ec8589e7d791185b5c442,Festnetztelefon
appgetaddressform_41c2fff4867cc204120f001e7af20f7a,Mobiltelefon
appgetaddressform_0f68b904e33d9ac04605aecc958bcf52,Zusätzliche Information
appgetaddressform_711ccfcebd3f316fa55e127061a1044a,Adresse Titel
appgetaddressform_958a1c94f27df673dc5b258b2b0cc528,Unfähig Staat für Land zu bekommen
appgetaddressform_69fb27bd2e44f47a9ae98aa1695df278,Unfähig Adresse zu laden
appgetaddressform_37e084acb152f3e6a5877f861e08819e,Adresse erfolgreich geladen
appgetcartdetails_08d0d87bfba2d0c58c04494fc2143cad,Es tut uns leid. Wagen ID fehlt
appgetcartdetails_56ca67fde405db4d75fb5fc3350db81b,Es tut uns leid. Wir können Ihre Bestellung nicht erneuern.
appgetcartdetails_b22604f6ddd3fb79ff38568a5a0141e0,Einige Artikel sind nicht mehr verfügbar, und wir sind nicht in der Lage, Ihren Auftrag zu erneuern.
appgetcartdetails_e61f52d02b9f52fbe1fd41ed320e29c3,Warenkorb nicht gefunden
appgetcartdetails_694e8d1f2ee056f98ee488bdc4982d73,Menge
appgetcartdetails_6665e3761028c84e1d228de3432229ed,SKU
appgetcartdetails_287234a1ff35a314b5b6bc4e5828e745,Attribute
appgetcartdetails_604279a9bb5369542695f2ad9e6185ca,Gesamtpreis (ohne MwSt.)
appgetcartdetails_ada0f55ef37f4928c5cd970f378c15e8,insgesamt Gutscheine
appgetcartdetails_7c166105b10b8a6a0c0f1c6540f5cd5e,Insgesamt Geschenkverpackung
appgetcartdetails_f4e8b53a114e5a17d051ab84d326cae5,insgesamt Versand
appgetcartdetails_c6995d6cc084c192bc2e742f052a5c74,Kostenloser Versand!
appgetcartdetails_b602e0d0c6a72053d0a5be60cb2f8126,Total Tax
appgetcartdetails_f3547ae5e06426d87312eff7dda775aa,Gesamtpreis
appgetcartdetails_ec1f68c64fcaf8260cfacf58cd4d4af7,Nutzen Sie unsere exklusiven Angebote
appgetcategorydetails_b22529647cbe4f4d260f349baec9d630,Kategorie-ID fehlt
appgetcategorydetails_bd964ff97bc91ddd97289acc711b84f9,Suchbegriff fehlt
appgetcustomeraddress_a00acc9b49d721d1e3006715a0ce7014,Email Adresse ist nicht gültig
appgetcustomeraddress_18dc0570e2b85b76ff5773027fd75248,Kunde nicht existiert für diese E-Mail-Adresse.
appgetfilters_b22529647cbe4f4d260f349baec9d630,Kategorie-ID fehlt
appgetfilters_bd964ff97bc91ddd97289acc711b84f9,Suchbegriff fehlt
appgethome_cf75826aa860140d05ad30996cf175e8,Top Sliders
appgethome_2d9b9a764fb0be4be10e1b2fce63f561,Schieberegler
appgethome_7c0ad572fae721669da32e4ef439c1b4,Top Banner
appgethome_6ff29916f99fff9d2494d28e721ae77e,Banner
appgethome_9a90d6756768c9c8b41e0db9a384c251,Feature Produkte
appgethome_1276c482cb32edf4fce51761a9792716,Spezielle Produkte
appgethome_26e2d291250a79cb9d62ae299ff7fffa,Bestseller Produkte
appgethome_31d26a6487e08357bd771619e894b0c6,Neu eingetroffen
appgethome_dfcd44bdec4088a7597f5a3d85c6d5bf,Unfähig Warenkorb zu laden
appgethome_430328c36edf7e197527273c216533a2,Bestellen Sie dieses Warenkorb erstellt
appgetmobilepaymentmethods_98ce442fb183c4de4fbe7d67e056b117,Keine Zahlungsmethoden aktiviert
appgetmobilepaymentmethods_5b7d532d6e7746d362b89e27cdb51a36,Keine Zahlungsmethoden konfiguriert wurde
appgetorderdetails_a237560ece5935da47dd1c9b1cea4d19,Auftrags-ID fehlt
appgetorderdetails_5f34ed748b73efce4af2b84461f86d51,Unfähig, um Details zu laden
appgetorders_ca3e85454678003dbdba2fbbb34ec11d,Unfähig, um Geschichte zu laden
appgetorders_a00acc9b49d721d1e3006715a0ce7014,Email Adresse ist nicht gültig
appgetorders_dcf951059ca444f87d296d3b192783e6,Kunden mit dieser E-Mail nicht existieren
appgetorders_694e8d1f2ee056f98ee488bdc4982d73,Menge
appgetorders_6665e3761028c84e1d228de3432229ed,SKU
appgetproductdetails_04ed5396be771c71ecc89b3beb627684,Produkt-ID fehlt
appgetproductdetails_dfbe69c6d9568ecb0e65e7b32ed92a3a,Produkt nicht gefunden
appgetproductdetails_1be6f9eb563f3bf85c78b4219bf09de9,Marke
appgetproductdetails_6665e3761028c84e1d228de3432229ed,SKU
appgetproductdetails_9e2941b3c81256fac10392aaca4ccfde,Bedingung
appgetproductdetails_db5963a70dd965e53337043be1dcb991,Dieses Produkt ist auf App nicht verfügbar, da es hat Anpassung Feld Datei.
appgetprofile_a00acc9b49d721d1e3006715a0ce7014,Email Adresse ist nicht gültig
appgetprofile_dcf951059ca444f87d296d3b192783e6,Kunden mit dieser E-Mail nicht existieren
appgetregions_958a1c94f27df673dc5b258b2b0cc528,Unfähig Staat für Land zu bekommen
appgetwishlist_ac588dbf1ea617c2628b10c2406e0ed0,Wunschliste Modul ist entweder inaktiv oder nicht installiert.
appgetwishlist_b65db11517e70558e870ea4bc6dfbf0e,Kunden mit dieser E-Mail ist nicht vorhanden.
appgetwishlist_0e042db7a9a38d0d1c833dd4c141d77d,E-Mail-Adresse fehlt oder ist ungültig.
appgetwishlist_9db509ecd7d739938fdc3dda8bc12bc9,Kein Produkt in der Wunschliste gefunden
appguestregistration_164b06b3d14521584edbc4dda05b220d,Bitte geben Sie E-Mail-Adresse
appguestregistration_e267e2be02cf3e29f4ba53b5d97cf78a,Ungültige E-Mail-Adresse.
appguestregistration_db8a6a25796eff7d9010bfe3774c2382,Ein Konto dieser E-Mail-Adresse wird bereits registriert.
applogin_96550f206ccd1c321be787e4f1875ed4,Eine E-Mail-Adresse erforderlich.
applogin_e267e2be02cf3e29f4ba53b5d97cf78a,Ungültige E-Mail-Adresse.
applogin_20aedd1e6de4dcf8d115b5a7424c58d7,Passwort wird benötigt.
applogin_e388a72d1abdd7af5f08b44ff698afbe,Ungültiges Passwort.
applogin_47d03b2e9a827c42170ba95d35af06d2,Ihr Konto isn \ 't zu diesem Zeitpunkt zur Verfügung.
applogin_802b207b05fe5cea22e11b9db804b33d,Authentifizierung fehlgeschlagen.
applogin_23449e6c6fb211fb8bf12eae126cf555,Benutzeranmeldung erfolgreich
appregisteruser_7ffc7db3c8072a468937761b9fa9583c,Ungültiger Vorname.
appregisteruser_5226b39ad81c6d482af27920b0d532ae,Ungültige Nachname.
appregisteruser_e267e2be02cf3e29f4ba53b5d97cf78a,Ungültige E-Mail-Adresse.
appregisteruser_e388a72d1abdd7af5f08b44ff698afbe,Ungültiges Passwort.
appregisteruser_0984b2c0c7aa81adae4ab22b4c39d350,Kundendaten sind nicht verfügbar.
appregisteruser_db8a6a25796eff7d9010bfe3774c2382,Ein Konto dieser E-Mail-Adresse wird bereits registriert.
appregisteruser_52255315e18d82f8e728722aae90ed1e,Kunden erfolgreich erstellt.
appremovedelayshipping_e61f52d02b9f52fbe1fd41ed320e29c3,Warenkorb nicht gefunden
appremovedelayshipping_694e8d1f2ee056f98ee488bdc4982d73,Menge
appremovedelayshipping_6665e3761028c84e1d228de3432229ed,SKU
appremovedelayshipping_287234a1ff35a314b5b6bc4e5828e745,Attribute
appremovedelayshipping_604279a9bb5369542695f2ad9e6185ca,Gesamtpreis (ohne MwSt.)
appremovedelayshipping_ada0f55ef37f4928c5cd970f378c15e8,insgesamt Gutscheine
appremovedelayshipping_7c166105b10b8a6a0c0f1c6540f5cd5e,Insgesamt Geschenkverpackung
appremovedelayshipping_f4e8b53a114e5a17d051ab84d326cae5,insgesamt Versand
appremovedelayshipping_c6995d6cc084c192bc2e742f052a5c74,Kostenloser Versand!
appremovedelayshipping_b602e0d0c6a72053d0a5be60cb2f8126,Total Tax
appremovedelayshipping_f3547ae5e06426d87312eff7dda775aa,Gesamtpreis
appremovedelayshipping_ec1f68c64fcaf8260cfacf58cd4d4af7,Nutzen Sie unsere exklusiven Angebote
appremovegiftwrapping_e61f52d02b9f52fbe1fd41ed320e29c3,Warenkorb nicht gefunden
appremovegiftwrapping_694e8d1f2ee056f98ee488bdc4982d73,Menge
appremovegiftwrapping_6665e3761028c84e1d228de3432229ed,SKU
appremovegiftwrapping_287234a1ff35a314b5b6bc4e5828e745,Attribute
appremovegiftwrapping_604279a9bb5369542695f2ad9e6185ca,Gesamtpreis (ohne MwSt.)
appremovegiftwrapping_ada0f55ef37f4928c5cd970f378c15e8,insgesamt Gutscheine
appremovegiftwrapping_7c166105b10b8a6a0c0f1c6540f5cd5e,Insgesamt Geschenkverpackung
appremovegiftwrapping_f4e8b53a114e5a17d051ab84d326cae5,insgesamt Versand
appremovegiftwrapping_c6995d6cc084c192bc2e742f052a5c74,Kostenloser Versand!
appremovegiftwrapping_b602e0d0c6a72053d0a5be60cb2f8126,Total Tax
appremovegiftwrapping_f3547ae5e06426d87312eff7dda775aa,Gesamtpreis
appremovegiftwrapping_ec1f68c64fcaf8260cfacf58cd4d4af7,Nutzen Sie unsere exklusiven Angebote
appremoveproduct_e61f52d02b9f52fbe1fd41ed320e29c3,Warenkorb nicht gefunden
appremoveproduct_694e8d1f2ee056f98ee488bdc4982d73,Menge
appremoveproduct_6665e3761028c84e1d228de3432229ed,SKU
appremoveproduct_287234a1ff35a314b5b6bc4e5828e745,Attribute
appremoveproduct_604279a9bb5369542695f2ad9e6185ca,Gesamtpreis (ohne MwSt.)
appremoveproduct_ada0f55ef37f4928c5cd970f378c15e8,insgesamt Gutscheine
appremoveproduct_7c166105b10b8a6a0c0f1c6540f5cd5e,Insgesamt Geschenkverpackung
appremoveproduct_f4e8b53a114e5a17d051ab84d326cae5,insgesamt Versand
appremoveproduct_c6995d6cc084c192bc2e742f052a5c74,Kostenloser Versand!
appremoveproduct_b602e0d0c6a72053d0a5be60cb2f8126,Total Tax
appremoveproduct_f3547ae5e06426d87312eff7dda775aa,Gesamtpreis
appremoveproduct_824a96e60e7720c695e8c6f7abd856f4,Eine Mindestabnahme insgesamt% 1s benötigt, um Ihre Bestellung, aktuelle Gesamt ist% 2s zu validieren
appremoveproduct_ec1f68c64fcaf8260cfacf58cd4d4af7,Nutzen Sie unsere exklusiven Angebote
appremoveproduct_83af0c74c4cd7eef63a11d3ba7e48fda,Produktdaten fehlen.
appremoveproduct_f7ac9125e391518b45badf32ca5b152b,Produkt-ID fehlt.
appremoveproduct_dfbe69c6d9568ecb0e65e7b32ed92a3a,Produkt nicht gefunden
appremoveproduct_0d38c90d843c787c0be14f790998210c,Sie müssen% d mindestens hinzufügen
appremoveproduct_3a3f4a8eb22f25c672d3af4e42df7d33,Produkt erfolgreich gelöscht
appremovevoucher_e61f52d02b9f52fbe1fd41ed320e29c3,Warenkorb nicht gefunden
appremovevoucher_694e8d1f2ee056f98ee488bdc4982d73,Menge
appremovevoucher_6665e3761028c84e1d228de3432229ed,SKU
appremovevoucher_287234a1ff35a314b5b6bc4e5828e745,Attribute
appremovevoucher_604279a9bb5369542695f2ad9e6185ca,Gesamtpreis (ohne MwSt.)
appremovevoucher_ada0f55ef37f4928c5cd970f378c15e8,insgesamt Gutscheine
appremovevoucher_7c166105b10b8a6a0c0f1c6540f5cd5e,Insgesamt Geschenkverpackung
appremovevoucher_f4e8b53a114e5a17d051ab84d326cae5,insgesamt Versand
appremovevoucher_c6995d6cc084c192bc2e742f052a5c74,Kostenloser Versand!
appremovevoucher_b602e0d0c6a72053d0a5be60cb2f8126,Total Tax
appremovevoucher_f3547ae5e06426d87312eff7dda775aa,Gesamtpreis
appremovevoucher_824a96e60e7720c695e8c6f7abd856f4,Eine Mindestabnahme insgesamt% 1s benötigt, um Ihre Bestellung, aktuelle Gesamt ist% 2s zu validieren
appremovevoucher_ec1f68c64fcaf8260cfacf58cd4d4af7,Nutzen Sie unsere exklusiven Angebote
appremovevoucher_b718489ea250655f5a6de41d6ad9539e,Gutschein erfolgreich entfernt
appremovevoucher_15bddec15f9c9237c333ed66cf65baf6,Fehler beim Entfernen Gutschein
appremovewishlist_64d3e466dc798bae867ca9044b65822e,Nicht imstande, ein Produkt zu laden
appremovewishlist_ac588dbf1ea617c2628b10c2406e0ed0,Wunschliste Modul ist entweder inaktiv oder nicht installiert.
appremovewishlist_b65db11517e70558e870ea4bc6dfbf0e,Kunden mit dieser E-Mail ist nicht vorhanden.
appremovewishlist_0e042db7a9a38d0d1c833dd4c141d77d,E-Mail-Adresse fehlt oder ist ungültig.
appremovewishlist_956d818758e07660a5885268e15c92a9,Produkt von der Wunschliste entfernt
appreorder_56ca67fde405db4d75fb5fc3350db81b,Es tut uns leid. Wir können Ihre Bestellung nicht erneuern.
appreorder_b22604f6ddd3fb79ff38568a5a0141e0,Einige Artikel sind nicht mehr verfügbar, und wir sind nicht in der Lage, Ihren Auftrag zu erneuern.
appreorder_1c5fea3a8662e49ee07edf2b7fd22eb5,Es tut uns leid. Wir können Ihre Bestellung nicht erneuern. Bestellen Id fehlt
appreorder_e61f52d02b9f52fbe1fd41ed320e29c3,Warenkorb nicht gefunden
appreorder_694e8d1f2ee056f98ee488bdc4982d73,Menge
appreorder_6665e3761028c84e1d228de3432229ed,SKU
appreorder_287234a1ff35a314b5b6bc4e5828e745,Attribute
appreorder_604279a9bb5369542695f2ad9e6185ca,Gesamtpreis (ohne MwSt.)
appreorder_ada0f55ef37f4928c5cd970f378c15e8,insgesamt Gutscheine
appreorder_7c166105b10b8a6a0c0f1c6540f5cd5e,Insgesamt Geschenkverpackung
appreorder_f4e8b53a114e5a17d051ab84d326cae5,insgesamt Versand
appreorder_c6995d6cc084c192bc2e742f052a5c74,Kostenloser Versand!
appreorder_b602e0d0c6a72053d0a5be60cb2f8126,Total Tax
appreorder_f3547ae5e06426d87312eff7dda775aa,Gesamtpreis
appreorder_824a96e60e7720c695e8c6f7abd856f4,Eine Mindestabnahme insgesamt% 1s benötigt, um Ihre Bestellung, aktuelle Gesamt ist% 2s zu validieren
appreorder_ec1f68c64fcaf8260cfacf58cd4d4af7,Nutzen Sie unsere exklusiven Angebote
appsavegiftmessage_e61f52d02b9f52fbe1fd41ed320e29c3,Warenkorb nicht gefunden
appsavegiftmessage_15bddec15f9c9237c333ed66cf65baf6,Fehler beim Entfernen Gutschein
appsavegiftmessage_4af3f045da697ee7929661dd4dde0242,Geschenk-Nachricht gespeichert
appsavegiftmessage_694e8d1f2ee056f98ee488bdc4982d73,Menge
appsavegiftmessage_6665e3761028c84e1d228de3432229ed,SKU
appsavegiftmessage_287234a1ff35a314b5b6bc4e5828e745,Attribute
appsavegiftmessage_604279a9bb5369542695f2ad9e6185ca,Gesamtpreis (ohne MwSt.)
appsavegiftmessage_ada0f55ef37f4928c5cd970f378c15e8,insgesamt Gutscheine
appsavegiftmessage_7c166105b10b8a6a0c0f1c6540f5cd5e,Insgesamt Geschenkverpackung
appsavegiftmessage_f4e8b53a114e5a17d051ab84d326cae5,insgesamt Versand
appsavegiftmessage_c6995d6cc084c192bc2e742f052a5c74,Kostenloser Versand!
appsavegiftmessage_b602e0d0c6a72053d0a5be60cb2f8126,Total Tax
appsavegiftmessage_f3547ae5e06426d87312eff7dda775aa,Gesamtpreis
appsavegiftmessage_824a96e60e7720c695e8c6f7abd856f4,Eine Mindestabnahme insgesamt% 1s benötigt, um Ihre Bestellung, aktuelle Gesamt ist% 2s zu validieren
appsavegiftmessage_ec1f68c64fcaf8260cfacf58cd4d4af7,Nutzen Sie unsere exklusiven Angebote
appsetbillingaddress_3f324964e384daea4b317e5f179016df,Wagen ID fehlt
appsetbillingaddress_e61f52d02b9f52fbe1fd41ed320e29c3,Warenkorb nicht gefunden
appsetbillingaddress_694e8d1f2ee056f98ee488bdc4982d73,Menge
appsetbillingaddress_63d5049791d9d79d86e9a108b0a999ca,Referenz
appsetbillingaddress_287234a1ff35a314b5b6bc4e5828e745,Attribute
appsetbillingaddress_da7a26ae7679cdec15e19468cdc4c66d,Warenkorb Informationen erfolgreich geladen
appsetbillingaddress_604279a9bb5369542695f2ad9e6185ca,Gesamtpreis (ohne MwSt.)
appsetbillingaddress_ada0f55ef37f4928c5cd970f378c15e8,insgesamt Gutscheine
appsetbillingaddress_7c166105b10b8a6a0c0f1c6540f5cd5e,Insgesamt Geschenkverpackung
appsetbillingaddress_f4e8b53a114e5a17d051ab84d326cae5,insgesamt Versand
appsetbillingaddress_c6995d6cc084c192bc2e742f052a5c74,Kostenloser Versand!
appsetbillingaddress_b602e0d0c6a72053d0a5be60cb2f8126,Total Tax
appsetbillingaddress_f3547ae5e06426d87312eff7dda775aa,Gesamtpreis
appsetbillingaddress_f633584ed6ab75aa538bdf7c9269aac1,(Zusätzliche Kosten von
appsetbillingaddress_bf804c0fa1807646b297f7be6843138f,Eine Mindestabnahme insgesamt% 1s benötigt, um Ihre Bestellung, aktuelle Kauf insgesamt zu validieren ist% 2s
appsetbillingaddress_a00acc9b49d721d1e3006715a0ce7014,Email Adresse ist nicht gültig
appsetbillingaddress_dcf951059ca444f87d296d3b192783e6,Kunden mit dieser E-Mail nicht existieren
appsetbillingaddress_04f20f929ad93c8a94dbf706e05a9bd6,Unfähig Lieferadresse Details zu erhalten
appsetbillingaddress_700c53d8cec1b1e9cf6c247944126166,Ein Fehler ist aufgetreten, während die Wagen zu aktualisieren.
appsetbillingaddress_0383858ad9a560ca2ecb8066c1681807,Die Produktauswahl kann nicht von den zur Verfügung stehenden Träger (n) geliefert werden: es ist zu schwer. Bitte ändern Warenkorb ihr Gewicht zu senken.
appsetbillingaddress_942649e42a59a56bd717acc3fed307b8,Die Produktauswahl kann nicht von den zur Verfügung stehenden Träger (n) geliefert werden. Bitte ändern Sie Ihre Warenkorb gelegt.
appsetbillingaddress_7c013b3defbf4cec9cd69f2e99a8d84c,Die Produktauswahl kann nicht von den zur Verfügung stehenden Träger (n) geliefert werden: seine Größe nicht paßt. Bitte ändern Warenkorb seine Größe zu reduzieren.
appsetbillingaddress_78c46e5c6e68799668e5b0af361e8e5d,Es gibt keine Träger, die einige Adressen, die Sie ausgewählt liefern.
appsetbillingaddress_3ce77aba56f064e8e177a01a7d88d415,Es gibt keine Träger, die Sie ausgewählt, um eine Adresse zu liefern.
appsetbillingaddress_d049e05d0babc4c1643c4b36397be24d,Es gibt keine Träger, die an die angegebene Adresse ausgewählt liefern.
appsetbillingaddress_51dfe3dfbcd0ea5974aba6663a660a2b,Keine Lieferung Methode Erforderlich
appsetbillingaddress_b24ce0cd392a5b0b8dedc66c25213594,Kostenlos
appsetbillingaddress_6e15f72a51837e528df003792a367360,Keine Lieferung Methode verfügbar
appsetbillingaddress_e01c4498102e120635a233f6ece469da,Nicht imstande, Rechnungsadresse Details zu erhalten
appsetshippingaddress_3f324964e384daea4b317e5f179016df,Wagen ID fehlt
appsetshippingaddress_e61f52d02b9f52fbe1fd41ed320e29c3,Warenkorb nicht gefunden
appsetshippingaddress_694e8d1f2ee056f98ee488bdc4982d73,Menge
appsetshippingaddress_63d5049791d9d79d86e9a108b0a999ca,Referenz
appsetshippingaddress_287234a1ff35a314b5b6bc4e5828e745,Attribute
appsetshippingaddress_da7a26ae7679cdec15e19468cdc4c66d,Warenkorb Informationen erfolgreich geladen
appsetshippingaddress_604279a9bb5369542695f2ad9e6185ca,Gesamtpreis (ohne MwSt.)
appsetshippingaddress_ada0f55ef37f4928c5cd970f378c15e8,insgesamt Gutscheine
appsetshippingaddress_7c166105b10b8a6a0c0f1c6540f5cd5e,Insgesamt Geschenkverpackung
appsetshippingaddress_f4e8b53a114e5a17d051ab84d326cae5,insgesamt Versand
appsetshippingaddress_c6995d6cc084c192bc2e742f052a5c74,Kostenloser Versand!
appsetshippingaddress_b602e0d0c6a72053d0a5be60cb2f8126,Total Tax
appsetshippingaddress_f3547ae5e06426d87312eff7dda775aa,Gesamtpreis
appsetshippingaddress_f633584ed6ab75aa538bdf7c9269aac1,(Zusätzliche Kosten von
appsetshippingaddress_bf804c0fa1807646b297f7be6843138f,Eine Mindestabnahme insgesamt% 1s benötigt, um Ihre Bestellung, aktuelle Kauf insgesamt zu validieren ist% 2s
appsetshippingaddress_a00acc9b49d721d1e3006715a0ce7014,Email Adresse ist nicht gültig
appsetshippingaddress_dcf951059ca444f87d296d3b192783e6,Kunden mit dieser E-Mail nicht existieren
appsetshippingaddress_04f20f929ad93c8a94dbf706e05a9bd6,Unfähig Lieferadresse Details zu erhalten
appsetshippingaddress_700c53d8cec1b1e9cf6c247944126166,Ein Fehler ist aufgetreten, während die Wagen zu aktualisieren.
appsetshippingaddress_0383858ad9a560ca2ecb8066c1681807,Die Produktauswahl kann nicht von den zur Verfügung stehenden Träger (n) geliefert werden: es ist zu schwer. Bitte ändern Warenkorb ihr Gewicht zu senken.
appsetshippingaddress_942649e42a59a56bd717acc3fed307b8,Die Produktauswahl kann nicht von den zur Verfügung stehenden Träger (n) geliefert werden. Bitte ändern Sie Ihre Warenkorb gelegt.
appsetshippingaddress_7c013b3defbf4cec9cd69f2e99a8d84c,Die Produktauswahl kann nicht von den zur Verfügung stehenden Träger (n) geliefert werden: seine Größe nicht paßt. Bitte ändern Warenkorb seine Größe zu reduzieren.
appsetshippingaddress_78c46e5c6e68799668e5b0af361e8e5d,Es gibt keine Träger, die einige Adressen, die Sie ausgewählt liefern.
appsetshippingaddress_3ce77aba56f064e8e177a01a7d88d415,Es gibt keine Träger, die Sie ausgewählt, um eine Adresse zu liefern.
appsetshippingaddress_d049e05d0babc4c1643c4b36397be24d,Es gibt keine Träger, die an die angegebene Adresse ausgewählt liefern.
appsetshippingaddress_51dfe3dfbcd0ea5974aba6663a660a2b,Keine Lieferung Methode Erforderlich
appsetshippingaddress_b24ce0cd392a5b0b8dedc66c25213594,Kostenlos
appsetshippingaddress_6e15f72a51837e528df003792a367360,Keine Lieferung Methode verfügbar
appsetshippingaddress_e01c4498102e120635a233f6ece469da,Nicht imstande, Rechnungsadresse Details zu erhalten
appsetshippingmethod_3f324964e384daea4b317e5f179016df,Wagen ID fehlt
appsetshippingmethod_e61f52d02b9f52fbe1fd41ed320e29c3,Warenkorb nicht gefunden
appsetshippingmethod_694e8d1f2ee056f98ee488bdc4982d73,Menge
appsetshippingmethod_63d5049791d9d79d86e9a108b0a999ca,Referenz
appsetshippingmethod_287234a1ff35a314b5b6bc4e5828e745,Attribute
appsetshippingmethod_da7a26ae7679cdec15e19468cdc4c66d,Warenkorb Informationen erfolgreich geladen
appsetshippingmethod_604279a9bb5369542695f2ad9e6185ca,Gesamtpreis (ohne MwSt.)
appsetshippingmethod_ada0f55ef37f4928c5cd970f378c15e8,insgesamt Gutscheine
appsetshippingmethod_7c166105b10b8a6a0c0f1c6540f5cd5e,Insgesamt Geschenkverpackung
appsetshippingmethod_f4e8b53a114e5a17d051ab84d326cae5,insgesamt Versand
appsetshippingmethod_c6995d6cc084c192bc2e742f052a5c74,Kostenloser Versand!
appsetshippingmethod_b602e0d0c6a72053d0a5be60cb2f8126,Total Tax
appsetshippingmethod_f3547ae5e06426d87312eff7dda775aa,Gesamtpreis
appsetshippingmethod_f633584ed6ab75aa538bdf7c9269aac1,(Zusätzliche Kosten von
appsetshippingmethod_bf804c0fa1807646b297f7be6843138f,Eine Mindestabnahme insgesamt% 1s benötigt, um Ihre Bestellung, aktuelle Kauf insgesamt zu validieren ist% 2s
appsetshippingmethod_a00acc9b49d721d1e3006715a0ce7014,Email Adresse ist nicht gültig
appsetshippingmethod_dcf951059ca444f87d296d3b192783e6,Kunden mit dieser E-Mail nicht existieren
appsetshippingmethod_04f20f929ad93c8a94dbf706e05a9bd6,Unfähig Lieferadresse Details zu erhalten
appsetshippingmethod_700c53d8cec1b1e9cf6c247944126166,Ein Fehler ist aufgetreten, während die Wagen zu aktualisieren.
appsetshippingmethod_0383858ad9a560ca2ecb8066c1681807,Die Produktauswahl kann nicht von den zur Verfügung stehenden Träger (n) geliefert werden: es ist zu schwer. Bitte ändern Warenkorb ihr Gewicht zu senken.
appsetshippingmethod_942649e42a59a56bd717acc3fed307b8,Die Produktauswahl kann nicht von den zur Verfügung stehenden Träger (n) geliefert werden. Bitte ändern Sie Ihre Warenkorb gelegt.
appsetshippingmethod_7c013b3defbf4cec9cd69f2e99a8d84c,Die Produktauswahl kann nicht von den zur Verfügung stehenden Träger (n) geliefert werden: seine Größe nicht paßt. Bitte ändern Warenkorb seine Größe zu reduzieren.
appsetshippingmethod_78c46e5c6e68799668e5b0af361e8e5d,Es gibt keine Träger, die einige Adressen, die Sie ausgewählt liefern.
appsetshippingmethod_3ce77aba56f064e8e177a01a7d88d415,Es gibt keine Träger, die Sie ausgewählt, um eine Adresse zu liefern.
appsetshippingmethod_d049e05d0babc4c1643c4b36397be24d,Es gibt keine Träger, die an die angegebene Adresse ausgewählt liefern.
appsetshippingmethod_51dfe3dfbcd0ea5974aba6663a660a2b,Keine Lieferung Methode Erforderlich
appsetshippingmethod_b24ce0cd392a5b0b8dedc66c25213594,Kostenlos
appsetshippingmethod_6e15f72a51837e528df003792a367360,Keine Lieferung Methode verfügbar
appsetshippingmethod_e01c4498102e120635a233f6ece469da,Nicht imstande, Rechnungsadresse Details zu erhalten
appsociallogin_bc9b4a91502bd9531dc9d7b544855a7a,Sozialdaten sind nicht verfügbar.
appsociallogin_23449e6c6fb211fb8bf12eae126cf555,Benutzeranmeldung erfolgreich
appupdateaddress_5058fb0856b024c6a3c18d8e0c764157,Lieferadresse wurde erfolgreich aktualisiert.
appupdateaddress_432100411a1c9a89bf06133afe8b96ce,Ein Fehler ist aufgetreten, während die Adresse hinzufügen.
appupdateaddress_eeabead01c6c6f25f22bf0b041df58a9,Sie müssen mindestens eine Telefonnummer registrieren.
appupdateaddress_66ed24fd1b91e55ae0ad7fdb4ed251c7,Dieses Land erfordert, dass Sie einen Staat zu wählen.
appupdateaddress_3dc3fe315fc270e7425b12e157e4619d,Dieses Land ist nicht aktiv.
appupdateaddress_78f66140209a4979028fb80f21be5a44,Die Zip / Postleitzahl Sie \ 'eingegeben hat, ist ungültig. Es muss in diesem Format folgen:% s
appupdateaddress_50b668816d2acbdb62484bb5ea5d25ab,Ein Zip / Postleitzahl ist erforderlich.
appupdateaddress_e6c1e151f2554afad6c0d551046650e8,Die Zip / Postleitzahl ist ungültig.
appupdateaddress_7c77177e0084c27161d63e7de535a1c6,Die Identifikationsnummer ist falsch oder wird bereits verwendet.
appupdateaddress_355169a606c66a6a39b8d23609f7329e,Die Alias% s wird bereits verwendet. Bitte wählen Sie eine andere.
appupdateaddress_a00acc9b49d721d1e3006715a0ce7014,Email Adresse ist nicht gültig
appupdateaddress_dcf951059ca444f87d296d3b192783e6,Kunden mit dieser E-Mail nicht existieren
appupdatecartquantity_e61f52d02b9f52fbe1fd41ed320e29c3,Warenkorb nicht gefunden
appupdatecartquantity_694e8d1f2ee056f98ee488bdc4982d73,Menge
appupdatecartquantity_6665e3761028c84e1d228de3432229ed,SKU
appupdatecartquantity_287234a1ff35a314b5b6bc4e5828e745,Attribute
appupdatecartquantity_604279a9bb5369542695f2ad9e6185ca,Gesamtpreis (ohne MwSt.)
appupdatecartquantity_ada0f55ef37f4928c5cd970f378c15e8,insgesamt Gutscheine
appupdatecartquantity_7c166105b10b8a6a0c0f1c6540f5cd5e,Insgesamt Geschenkverpackung
appupdatecartquantity_f4e8b53a114e5a17d051ab84d326cae5,insgesamt Versand
appupdatecartquantity_c6995d6cc084c192bc2e742f052a5c74,Kostenloser Versand!
appupdatecartquantity_b602e0d0c6a72053d0a5be60cb2f8126,Total Tax
appupdatecartquantity_f3547ae5e06426d87312eff7dda775aa,Gesamtpreis
appupdatecartquantity_ec1f68c64fcaf8260cfacf58cd4d4af7,Nutzen Sie unsere exklusiven Angebote
appupdatecartquantity_83af0c74c4cd7eef63a11d3ba7e48fda,Produktdaten fehlen.
appupdatecartquantity_1f4c1c7eb53c734122abd654be5f8164,Menge sollte größer als Null sein.
appupdatecartquantity_dfbe69c6d9568ecb0e65e7b32ed92a3a,Produkt nicht gefunden
appupdatecartquantity_91e6cde963af2000218553722fc7a093,Dieses Produkt ist nicht länger verfügbar.
appupdatecartquantity_4d2c41ad87059d5fd9ea5283cee720a5,Es isn auf Lager t genug Produkt '\.
appupdatecartquantity_0d38c90d843c787c0be14f790998210c,Sie müssen% d mindestens hinzufügen
appupdatecartquantity_de10fc28511b894f704c1a67fcff7b4f,Sie haben bereits die Höchstmenge für dieses Produkt.
appupdatecartquantity_14d4a4be033fb0076188581e0ab67808,Produkt erfolgreich aktualisiert
appupdatecartquantity_ce395fa164eff74838bd51a583fb3b65,Keine Änderung in der Menge gefunden.
appupdateprofile_7ffc7db3c8072a468937761b9fa9583c,Ungültiger Vorname.
appupdateprofile_5226b39ad81c6d482af27920b0d532ae,Ungültige Nachname.
appupdateprofile_54084a1c09c68221979d134e9613ef84,Das eingegebene Passwort ist falsch.
appupdateprofile_f02a41f3e448d379e3c06d39bd3cc4de,Das Passwort und Bestätigung stimmen nicht überein.
appupdateprofile_626295ee4555407394df3e9998e1fc19,Ungültiges Passwort
appupdateprofile_c1e500b0e2c09aa39a86bb1a5ea129ca,Persönliche Informationen erfolgreich aktualisiert.
appupdateprofile_4a26ddbc1e75f300f27d3ba1f36fcb63,Die Informationen können nicht aktualisiert werden.
appupdateprofile_c56f8985cdec11f87c16beebf6a58b62,Persönliche Informationen fehlen.
appupdateprofile_b65db11517e70558e870ea4bc6dfbf0e,Kunden mit dieser E-Mail ist nicht vorhanden.
appupdateprofile_0e042db7a9a38d0d1c833dd4c141d77d,E-Mail-Adresse fehlt oder ist ungültig.
appgetaddressform_ae7bdef7fe2bbbbf02c11e92c5fceb40,Meine Adresse
appgetcartdetails_362dec2f2247134cd9d3cefbcb1c9a6e,Zusätzliche Kosten von
appgetfilters_9e2941b3c81256fac10392aaca4ccfde,Bedingung
appgetfilters_c0bd7654d5b278e65f21cf4e9153fdb4,Hersteller
appgetfilters_3601146c4e948c32b6424d2c0a7f0118,Preis
appgetorderdetails_694e8d1f2ee056f98ee488bdc4982d73,Menge
appgetorderdetails_6665e3761028c84e1d228de3432229ed,SKU
appgetorderdetails_9dffbf69ffba8bc38bc4e01abf4b1675,Text
appgetorderdetails_b0f79042ac83c64f3ccc42268c8ade26,insgesamt Produkte
appgetorderdetails_ada0f55ef37f4928c5cd970f378c15e8,insgesamt Gutscheine
appgetorderdetails_7c166105b10b8a6a0c0f1c6540f5cd5e,Insgesamt Geschenkverpackung
appgetorderdetails_f4e8b53a114e5a17d051ab84d326cae5,insgesamt Versand
appgetorderdetails_f3547ae5e06426d87312eff7dda775aa,Gesamtpreis
appgetsellerproducts_26380f3c8aeeb67ff17d9f961e09e045,Verkäufer-ID fehlt
appgetsellerproducts_a5d37da2d02dcb1893938c19016a3834,Verkäufer nicht gefunden
appgetsellerproducts_b1c94ca2fbc3e78fc30069c8d0f01680,Alles
appgetsellerproducts_49ee3087348e8d44e1feda1917443987,Name
appgetsellerproducts_3601146c4e948c32b6424d2c0a7f0118,Preis
appgetsellerproducts_0c43922c2fd0b2886820ce8d59d0a425,A-Z
appgetsellerproducts_b45a57134da0f07ba49d5b99713855fa,Z-A
appgetsellerproducts_6b26ffddeab191d3a45e641f47ff780c,Aufsteigend
appgetsellerproducts_4bc0df4deaccf71b305d791e1e3b6f76,Absteigend
appgetsellerreviews_26380f3c8aeeb67ff17d9f961e09e045,Verkäufer-ID fehlt
appgetsellerreviews_a5d37da2d02dcb1893938c19016a3834,Verkäufer nicht gefunden
appgetsellers_4c555a8b12ac7069095ae1dd3bf43c7e,Nicht erwähnt
appsavesellerreview_26380f3c8aeeb67ff17d9f961e09e045,Verkäufer-ID fehlt
appsavesellerreview_a5d37da2d02dcb1893938c19016a3834,Verkäufer nicht gefunden
appsavesellerreview_b494ce60923c04e8e4c91b0d47177d95,Anmeldung erforderlich
appsavesellerreview_ffb5972c963f37cdc76e79c8ab636e74,Nicht in der Lage Ihre Bewertung senden. Titel oder Kommentar fehlt.
appsavesellerreview_ed24e2b88b32983fb74e58cbc7e02038,Kann nicht die Überprüfung speichern, wie die Option von admin deaktiviert
appsavesellerreview_dfcf16c470a033996c2d1b56340dc2d7,Ihre Bewertung wurde nach dem Aufstehen Genehmigung von Geschäft zu anderen erfolgreich und gezeigt vorgelegt.
appsavesellerreview_63ef1b9280784b89d4476f66396fc5dd,Ihre Bewertung wurde erfolgreich abgegeben.
appsavesellerreview_b4d8c9132ae2d46618be30173e75b6ef,Gerade jetzt, System nicht in der Lage Ihre Bewertung senden. Bitte versuchen Sie es später noch einmal
contact-form_bbaff12800505b22a853e8b7f4eb6a22,Kontakt
contact-form_2273d1167a6212812d95dc8fadbae78e,Kundendienst
contact-form_d754a9e8cb640da12849a040f3ca8176,Deine Antwort
contact-form_02d4482d332e1aef3437cd61c9bcc624,Kontaktiere uns
contact-form_4ec1c39345fe8820d68463eea8803b0f,Ihre Nachricht wurde an unserem Team erfolgreich gesendet.
contact-form_7c9d4636fc5ed97bb78bc2aac486beab,Ihre Nachricht bereits gesendet wurde.
contact-form_b3e4d8d61f99bac80e6aa1774d73445b,eine Nachricht schicken
contact-form_6c27c08f40e1b0d9901deb9ff5f722f7,Schlagwort
contact-form_7bc873cba11f035df692c3549366c722,-- Wählen --
contact-form_b357b524e740bc85b9790a0712d84a30,E-Mail-Addresse
contact-form_5d4710f9a8250b13164a82c94d5b00d1,Bestellnummer
contact-form_deb10517653c255364175796ace3553f,Produkt
contact-form_13d6078da2e6592822ede083931d6826,Datei anhängen
contact-form_4c2a8fe7eaf24721cc7a9f0175115bd4,Botschaft
contact-form_94966d90747b97d1f0f206c98a8b1ac3,Senden
contact-form_f787618e514c038851726224d7e4421e,Keine Datei ausgewählt
contact-form_e635032a5f71d809146d3872389f5b0c,Datei wählen
order-opc_a40cab5994f36d4c48103a22ca082e8f,Ihr Warenkorb
order-opc_78fa1019f9a9759b45c76e186393756f,Ihr neuer Auftrag wurde nicht akzeptiert.
order-opc_879f6b8877752685a966564d072f498f,Dein Einkaufswagen ist leer.
order-opc_1f87346a16cf80c372065de3c54c86d9,(Steuer inkl.)
order-opc_21034ae6d01a83e702839a72ba8a77b0,(Ohne MwSt.)
order-opc_ea295188b69aa5e04810abcc38b2b2be,wurde ausgewählt
order-opc_9504d494016e17a6de7e7b51da637bc4,Kein Träger ausgewählt wurde
order-opc_238a062a6a2543fd85d6616a8506fbe8,Kein Träger dieser Bestellung benötigt
order-opc_2e75f367f058646a1ba2fd01ceb74423,Sie brauchen nicht die Nutzungsbedingungen für diesen Auftrag zu übernehmen.
order-opc_d236af51d8eac54fe7c366af1f6b358c,Die Service-Bedingungen akzeptiert wurden
order-opc_25d8efaba32cb44a922a727f20eaa002,Die Service-Bedingungen nicht akzeptiert
order-opc_4ce81305b7edb043d0a7a5c75cab17d0,Es gibt
order-opc_fe816ec4b30c11a39edfd8b0a4cfab49,Error (s)
order-opc_af0f5bdc5be121b9307687aeeae38c17,Lieferadresse
order-opc_601d8c4b9f72fc1862013c19b677a499,Rechnungsanschrift
order-opc_449374f661344e843453c4e189ddeed8,Ändern Sie meine Adresse
order-opc_d87f73e8ff8d933ed2ba5ddf25040827,Sofortiges Checkout
order-opc_ad52144224a9fb9e04b8b9ef22ce36f7,Um zu beginnen, wählen Sie bitte eine Adresse aus.
order-opc_b24ce0cd392a5b0b8dedc66c25213594,Kostenlos
order-opc_da9d6ec2998a07c31ec9eb93c9f254ed,Ihre Rechnungsadresse
order-opc_8a8c9edb5531fa2f822295d1830d090f,Ihre Lieferadresse
order-opc_06933067aafd48425d67bcb01bba5cb6,Aktualisieren
app_text_category_products,Kategorie
app_text_demo_app_user_form,Bitte füllen Sie die Details!
app_text_full_name_demo_app_user,Dein Name*
app_text_email_demo_app_user,Email*
app_text_store_url_demo_app_user,Ihre Shop-URL *
app_text_continue_demo_app_user_form,Fortsetzen
app_text_invalid_url,Ungültige Store-URL!
app_text_invalid_email,Ungültige E-Mail!
app_text_search,Suche
app_text_shopping_bag,Einkaufstasche
app_text_check_out,Auschecken
app_text_no_internet,Internet-Problem
app_text_product_image_viewer,Produkt Image Viewer
app_text_payment_methods,Zahlungsarten
app_text_wishlist,Wunschzettel
app_text_seller_comments,Verkäufer Kommentar (e)
app_text_home,Zuhause
app_text_category,Kategorien
app_text_login,Anmeldung
app_text_logout,Ausloggen
app_text_login_signup,Einloggen Anmelden
app_text_account,Mein Konto
app_text_contact,Kontaktiere uns
app_text_about,Über uns
app_text_add_to_wishlist,Zur Wunschliste hinzufügen
app_text_add_to_cart,in den Warenkorb legen
app_text_off,aus
app_text_all,Alles
app_text_languages,Sprachen)
app_text_sort,Sortieren
app_text_filter,Filter
app_text_sort_order,Wählen Sie Sortierung
app_text_price_asce,Preis niedrig bis hoch
app_text_price_desc,Preis: absteigend
app_text_product,Produkt
app_text_select,Wählen
app_text_instock,Auf Lager
app_text_outstock,Ausverkauft
app_text_product_info,Produkt-Info und Pflege
app_text_customization,Produktanpassung
app_text_accessories,Zubehör
app_text_view_less,Weniger anzeigen
app_text_view_more,Mehr sehen
app_text_provide_details,Bitte machen Sie Angaben
app_text_bag,Einkaufstasche
app_text_apply_voucher,Bewerben Gutschein
app_text_entry_voucher_code,Gutscheincode eingeben
app_text_apply,Sich bewerben
app_text_gift,Geschenkpapier
app_text_entry_message,Gib deine Nachricht ein
app_text_available_first,Verfügbare Produkte zuerst schicken
app_text_continue_shopping,Mit dem Einkaufen fortfahren
app_text_continue_checkout,Weiter zur Kasse
app_text_update_quantity,Update Menge
app_text_enter_quantity,Geben Sie die Menge
app_text_empty_cart,Ihr Einkaufkorb ist leer!
app_text_goto_home,Zurück zur Homepage
app_text_review_your_order,Überprüfen Sie ihre Bestellung
app_text_add_new_shipping_address,Neue Adresse hinzufügen
app_text_history,Versanddetails
app_text_summary,Bestellübersicht
app_text_shipping_methods,Versandarten
app_text_comment,bestellen Kommentar
app_text_payment_summary,Zahlungsübersicht
app_text_proceed,Weiter zur Zahlung
app_text_make_payment,Zahlung ausführen
app_text_congratulations,Herzliche Glückwünsche
app_text_addresses,Adresse (n)
app_text_order_detail,Bestelldetails
app_text_update_personal,Update Persönliche Details
app_text_update_password,Passwort erneuern
app_text_current_password,derzeitiges Passwort
app_text_new_password,Neues Kennwort
app_text_confirm_password,Passwort bestätigen
app_text_cancel,Stornieren
app_text_save,sparen
app_text_order_ref,Bestellnummer
app_text_status,Status
app_text_placed,Platziert auf
app_text_reorder,Nachbestellung
app_text_order_details,Bestelldetails
app_text_status_history,Statushistorie
app_text_shipping_address,Lieferanschrift
app_text_order_summary,Bestellübersicht
app_text_shipping_method,Versandart
app_text_payment_method,Zahlungsmethode
app_text_gift_wrapping,Geschenkverpackung
app_text_no_shipping_address,Keine Lieferadresse zur Verfügung!
app_text_no_order_details,Keine Auftragsdaten vorhanden!
app_text_signup,Anmelden
app_text_continue_guest,Als Gast fortfahren
app_text_email,Email
app_text_password,Passwort
app_text_forgot_password,Passwort vergessen
app_text_login_social_account,Sie können mit sozialem Konto anmelden.
app_text_login_with_google,Einloggen mit Google+
app_text_login_with_facebook,Mit Facebook einloggen
app_text_signup_with_google,Jetzt Anmelden mit Google+
app_text_signup_with_facebook,Anmelden mit Facebook
app_text_msg_enter_valid_email,Bitte eine gültige E-Mail-Adresse eintragen!
app_text_msg_enter_email,Bitte geben Sie E-Mail!
app_text_msg_enter_password,Bitte Passwort eingeben!
app_text_msg_password_characters_less_than_3,Bitte geben Sie das Kennwort Zeichen mehr, dass oder gleich 3!
app_text_msg_first_name,Vorname
app_text_msg_last_name,Nachname
app_text_msg_dob,Geburtsdatum
app_text_msg_confirm_password,Passwort bestätigen
app_text_msg_personal_details,Persönliche Details
app_text_msg_pass_not_matched,Passwort und Passwort bestätigen nicht abgestimmt!
app_text_sold_by,Verkauft durch:
app_text_write_review,Eine Beurteilung schreiben
app_text_view_review,Ansicht Bewertung (en)
app_text_view_seller_products,Verkäufer Produkt (e)
app_text_wait,Warten Sie mal
app_text_loading,Lade Daten...
app_text_msg_went_wrong,Etwas ist schief gelaufen. Bitte versuche es erneut.
app_text_msg_no_internet_found,Keine Internetverbindung gefunden.
app_text_msg_no_internet_title,Kein Internet
app_text_msg_request,Anforderung kann nicht Prozess sein. Dies könnte aufgrund der langsamen Internetverbindung.
app_text_msg_order_placed_email,Ihre Bestellung wurde platziert successfully.You eine E-Mail in Bezug auf die gleiche erhalten.
app_text_msg_product_look,Sie können nach ihrer Kategorie für Produkt (e) suchen.
app_text_msg_search_product,Sie können jedes Produkt im Laden von Text- oder Sprach suchen!
app_text_msg_view_cart,Sie können Warenkorb mit Quantität an!
app_text_msg_logout,Sie sind erfolgreich abmelden!
app_text_msg_view_product,Sie können Produkt in Listen- oder Rastermodus an!
app_text_msg_sort_product,Sie können Produkt ihren Preis sortieren!
app_text_msg_filter_product,Sie können Produkt (e) nach Ihrem Bedarf filtern!
app_text_text_next,Nächster
app_text_text_okay,okay
app_text_required,Erforderlich
app_text_msg_rating,Bitte wählen Sie Bewertung
app_text_msg_add_cart,Sie können durch einen einfachen Klick auf den Button \ ‚In den Warenkorb \‘ Produkt in den Warenkorb legen!
app_text_msg_add_wishlist,Sie können durch einen einfachen Klick auf den Button \ ‚Zur Wunschliste hinzufügen \‘ Produkt auf den Merkzettel!
app_text_msg_product_price,Produktpreis wurde aktualisiert!
app_text_msg_product_not_available,Dieses Produkt ist für Bestellung nicht möglich!
app_text_msg_combination,Diese Kombination existiert nicht für dieses Produkt. Bitte wählen Sie eine andere Kombination.
app_text_msg_product_no_stock,Dieses Produkt ist in der gewünschten Menge oder nicht auf Lager ist nicht verfügbar!
app_text_msg_out_stock,Einige der Produkte in den Warenkorb gelegt sind in der gewünschten Menge nicht verfügbar oder nicht auf Lager. Bitte entfernen Sie ein solches Produkt (e) aus dem Warenkorb!
app_text_msg_checkout_products,Sie können auf die Schaltfläche durch einfaches Anklicken Produkte im Warenkorb Kasse ‚Weiter zur Kasse‘.
app_text_msg_apply_voucher,Sie können Gutschein in den Warenkorb bewerben!
app_text_msg_update_quantity,Sie können Produktmenge aktualisieren oder aus dem Warenkorb entfernen!
app_text_msg_view_details,Sie können Produktinformationen, indem Sie auf Produktbild an!
app_text_msg_success,Erfolg!
app_text_msg_failure,Fehler!
app_text_msg_enter_quantity,Bitte geben Sie Menge
app_text_quantity,Menge
app_text_remove,Löschen
app_text_customization_details,Kundenspezifische Details
app_text_msg_add_address,Sie können durch Klicken auf die Schaltfläche neue Lieferadresse hinzuzufügen!
app_text_msg_update_address,Sie können Versandadresse aktualisieren!
app_text_msg_select_address,Sie können durch einfaches Klicken auf sie eine beliebige Adresse Versand wählen!
app_text_select_address_text,* Bitte wählen Sie Lieferadresse Ihrer Bestellung zu überprüfen.
app_text_msg_no_product,Keine Produkte verfügbar!
app_text_msg_no_comment_available,Kein Kommentar (e) verfügbar!
app_text_msg_reset_password,Sie können Ihr Passwort zurücksetzen, indem Sie auf `Vergessen password`
app_text_msg_login,Sie können von hier aus in den Laden anmelden!
app_text_msg_login_fb,Sie können auch in den Laden von Ihrem Facebook-Account anmelden!
app_text_msg_login_google,Sie können auch in den Laden von Ihrem Google-Konto anmelden!
app_text_msg_update_profile,Sie können Ihr Profil Details, Versanddetails oder sehen Sie Ihre Auftragsdetails von hier updaten!
app_text_product_info_and_care,Produkt-Info und Pflege
app_text_download,Herunterladen
app_text_minimal_quantity,Minimalmengen
app_text_seller_details,Verkäufer Details
app_text_pack_content,Packung Inhalt
app_text_submit,einreichen
app_text_msg_forget_password,Geben Sie die E-Mail-Adresse mit Ihrem Konto verknüpft. Klicken Sie auf Senden Sie Ihr Passwort per E-Mail an Sie müssen.
app_text_enter_your_email,Geben sie ihre E-Mail Adresse ein
app_text_reset_password,Passwort zurücksetzen
app_text_view_selected_filter,Sie können Ihr ausgewähltes Filterergebnis durch einen Klick auf diesem Bild sehen!
app_text_clear_selected_filter,Sie können durch einen Klick auf dieses Bild der angelegten Filter klar!
app_text_no_filter,Keine Filter
app_text_phone_number_required,* Sie müssen mindestens eine Telefonnummer registrieren
app_text_refresh,Aktualisierung
app_text_internet_connection_failed,Internet Connection Failed!
app_text_internet_connection_problem,Es könnte ein Problem mit Ihrer Internetverbindung sein. Bitte prüfe.
app_text_cancel_transaction,Abbrechen Transaktion
app_text_middle_of_payment,Sie befinden sich in der Mitte des Zahlungstransaktionsprozess. Wollen Sie wirklich Ihre Transaktion stornieren?
app_text_yes,Ja
app_text_no,Nein
app_text_enter_your_comment,Geben Sie Ihren Kommentar
app_text_msg_shipping_methods_unavailable,Für einige Produkte (e), sind Versandmethoden nicht zur Verfügung. Bitte entfernen Sie ein solches Produkt (e) aus dem Warenkorb und versuchen Sie es erneut.
app_text_msg_select_shipping_methods,Bitte wählen Sie Versandart
youtube_api_key,AIzaSyA1UXXtMmvYcsJpcUMCXRENdi_gDYXPpe0
server_not_found,Server nicht gefunden
authorization_error,Autorisierungsfehler
check_internet_connection,Network Connection Error.Please Ihre Internetverbindung überprüfen
parse_error,Parsing-Fehler in API
app_text_share_log,Teilen Log
app_text_payment_failed_contact_support,Ihre Bestellung nicht bearbeitet werden kann. Mit freundlicher Unterstützung Kontakt für Rückfragen
app_text_choose_payment_method,Zahlungsart auswählen
app_text_no_payment_method,Keine Zahlungsmethode (n) gefunden!
app_text_no_payment_currently,Es gibt derzeit keine Zahlungsmethode.
app_text_no_make_payment,Sie gewann \ 't in der Lage sein, die Zahlung zu machen, wie diese mobile App-Setup für Demo-Zwecke ist.
app_text_make_payment_after_select,Sie können die Zahlung nach der Auswahl einer Zahlungsmethode machen!
app_text_title_paypal_payment,PayPal Bezahlung
app_text_order_total_price,Bestellen Gesamtpreis
app_text_user_cancelled_the_payment,Benutzer abgebrochen, die Zahlung
app_text_invalid_payment_try_again,Ungültige Zahlung. Mit freundlicher erneut versuchen
app_text_wishlist_item_removed,Artikel von der Wunschliste entfernt.
app_text_wishlist_item_added,Artikel hinzugefügt Zur Wunschliste
app_text_subject,Hey Check this out!
app_text_text_extra_share,Hier verfügbar :
app_text_share_intent_title,Aktie
app_text_error_product_name_url,Der Produktname oder URL kann leer sein.
app_text_tag_error,Error
app_text_view_your_store,Sehen Sie Ihren Shop
app_text_view_demo,Demo anzeigen
app_text_currency,Währung (en)
app_text_same_as_shipping_details,Das gleiche wie Versandadresse
app_text_billing_details,Rechnungsdetails
app_text_shipping_addresses,Lieferadresse (n)
app_text_billing_addresses,Rechnungsadresse (n)
app_text_billing_address,Rechnungsadresse
app_text_sellers,Sellers
app_text_seller,Verkäufer
app_text_seller_shipping_policy,Versandbedingungen
app_text_seller_return_policy,Rücknahmegarantie
app_text_review_title,Titel *
app_text_review_comment,Kommentar *
app_text_review_rating,Bewertung *
app_text_filter_products,Filter Produkt (e)
app_text_select_category,Kategorie wählen
app_text_select_sort,Wählen Sie sortieren
app_text_clear,klar
app_text_edit,Bearbeiten
app_text_cart,Wagen
app_text_move_to_cart,In den Einkaufswagen legen
app_text_no_shipping_method_available,Nein Versandmethode verfügbar
app_text_module_not_installed,Bitte kontaktieren Sie Ihren Administrator Daten auf dieser Seite zu sehen.
app_text_no_data_found,Keine Daten gefunden!
app_text_enter_coupon_code,Gutschein-Code eingeben
app_text_apply_coupon,Bewerben Coupon
app_text_add_more_in_cart,Fügen Sie mehr in Warenkorb Diese Bestellung aufgeben
app_text_shipping_details,Versanddetails
app_text_choose_app_theme,Wählen Sie Ihre App Theme
app_text_enter_store_url,Geben Sie Ihre Shop-URL
app_text_sample_store_url,Ex: http://your_store.com/
app_text_downloads,Downloads
app_text_done,Erledigt
app_text_posted_on,Veröffentlicht am:
app_text_commented_by,Kommentiert von:
app_text_seller_comment,Kommentar:
app_text_open,Öffnen
app_text_order_status,Öffnen
app_text_special_products,Spezielle Produkte
app_text_product_information,Produktinformation
app_text_featured_products,Feature Produkte
app_text_requested_gift_order,Sie haben für diese Bestellung Geschenkverpackung angefordert
app_text_step_one_of_three,Stufe 1/3
app_text_review_checkout,Bewertung Kasse
app_text_your_wishlist_is_empty,Deine Wunschliste ist leer!
app_text_no_shipping_method,Nein Versandmethode verfügbar
app_text_no_order_found,Keine Bestellung gefunden!
app_text_percent_off,% aus
app_text_coupon_length_validation,Gutscheincodes Zeichen muss größer als oder gleich 4.
app_text_coupon_code_removed,Coupon Rabatt wurde erfolgreich entfernt!
app_text_facebook_login_cancelled,Facebook-Login wird abgebrochen.
app_text_facebook_login_failure,Facebook Login Fehler:
app_text_login_failed,Anmeldung fehlgeschlagen!
app_text_wrong_url_install_mab,Sie könnten falsche URL eingegeben oder Sie haben nicht unsere mobile App-Builder-Modul installieren.
app_text_install_module,Modul installieren
app_text_text_loading,Wird geladen
app_text_text_exception,Ausnahme:
app_text_msg_reset_password_click,Sie können Ihr Passwort, indem Sie auf \ ‚Vergessen Passwort \‘ zurückgesetzt!
app_text_login_from_here,Sie können von hier aus in den Laden anmelden!
app_text_login_from_facebook_account,Sie können auch in den Laden von Ihrem Facebook-Account anmelden!
app_text_login_from_google_account,Sie können auch in den Laden von Ihrem Google-Konto anmelden!
app_text_text_warning,Warnung!
app_text_update_address_if_exists,Sie können Versandadresse aktualisieren oder eine andere Adresse wählen, ob vorhanden!
app_text_continue_to_checkout_click_msg,Sie können auf die Schaltfläche \ durch einfaches Anklicken Produkte im Warenkorb Kasse ‚Weiter zur Kasse \‘!
app_text_please_enter_store_url,Bitte geben Sie Shop-URL
app_text_product_not_desired_quantity,Einige der Produkte in den Warenkorb gelegt sind in der gewünschten Menge nicht verfügbar oder nicht auf Lager. Bitte entfernen Sie ein solches Produkt (e) aus dem Warenkorb!
app_text_select_shipping_methods,Wählen Sie Versandart (en)
app_text_send_email,E-Mail senden...
app_text_error_in_google_sign_in,Einige Fehler in Google login.Please versuchen Sie es erneut.
app_text_process_payment_problem,Einige Fehler ist aufgetreten, während der Zahlungsabwicklung. Mit freundlicher erneut versuchen.
app_text_text_state,Zustand
app_text_update_address,Update-Adresse
app_text_unit_price,Stückpreis
app_text_total_price,Gesamtpreis
app_text_text_totals,Summen
app_text_text_success,Erfolg!
app_text_sale,Verkauf
app_text_new,Neu
app_text_title_payment_paypal,PayPal Bezahlung
app_text_extra_share,Hier verfügbar :
app_text_intent_title,Aktie
app_text_ok,OK
app_text_choose_your_app_theme,Wählen Sie Ihre App Theme
app_text_terms_and_conditions,Nutzungsbedingungen
app_text_wishlist_only,Wunschzettel
app_text_wishlist_remove,Entfernen von Wunschliste
app_text_state_not_required,Staat nicht für ausgewähltes Land erforderlich
app_text_currencies,Währung (en)
app_text_payment_failed,Einige Fehler ist aufgetreten, während der Zahlungsabwicklung. Mit freundlicher erneut versuchen
app_text_entered_wrong_url,Sie könnten falsche URL eingegeben oder Sie haben nicht über unsere mobile App Builder bodule installiert.
app_text_choose_your_app_theme,Wählen Sie Ihre App Theme
app_text_fill_all_required_fields,Bitte füllen Sie alle erforderlichen Felder aus.
appgetwishlist_694e8d1f2ee056f98ee488bdc4982d73,Menge
appgetwishlist_6665e3761028c84e1d228de3432229ed,SKU
appgetwishlist_287234a1ff35a314b5b6bc4e5828e745,Attribute
app_text_share_feedback,Teile Feedback / Custom Änderungsanforderung
app_text_install_whatsapp,WhatsApp ist nicht auf Ihrem Gerät installiert
app_text_no_account_registered,Kein Konto für die biometrische Authentifizierung in diesem Gerät registriert. Bitte melden Sie sich zuerst ein Konto.
app_text_confirm_for_authentication,Bestätigen Sie Ihren Fingerabdruck oder Gesicht zu authentifizieren.
app_text_login_with_fingerprint,Einloggen mit Fingerabdruck
app_text_register_for_fingerprint,Registrieren Sie sich für Fingerabdruck-Anmeldung
app_text_biometric_not_available,Biometrische Authentifizierung ist für dieses Gerät nicht zur Verfügung.
app_text_fingerprint_not_recognized,Touch-ID nicht erkennt Ihren Fingerabdruck. Bitte versuchen Sie es mit Ihren registrierten Fingerabdruck.
app_text_face_not_recognizes,Face ID erkennt Ihr Gesicht. Bitte versuchen Sie es mit Ihrem immatrikuliert Gesicht.
app_text_fingerprint_or_face_not_enrolled,Keine Fingerabdrücke / Gesicht eingeschrieben in das Gerät ein.
app_text_biometry_locked_out,Funktionalität ist nun gesperrt, wegen zu vielen Fehlversuchen.
app_text_register_for_fingerpring,Registrieren Sie sich für Fingerabdruck
app_text_register_for_fingerprint_details,Wollen Sie dieses Konto für Fingerabdruck-Funktionalität registrieren. Ist das erledigt, können Sie in dieses Konto anmelden, ohne E-Mail-ID oder Passwort, nur die Fingerabdrucküberprüfung verwenden.
app_text_register,Registrieren
app_text_verify,Überprüfen
app_text_get_otp,Holen OTP
app_text_mobile_number,Handynummer
app_text_mobile_number_optional,Mobile Number (Optional)
app_text_error_number_verification,Handynummer kann nicht verifiziert werden! Bitte versuchen Sie es erneut mit der richtigen OTP-Nummer!
app_text_phone_number_already_exists,Telefonnummer ist bereits registriert. Bitte versuchen Sie es erneut mit einer anderen Telefonnummer!
app_text_number_verification,Anzahl Verification
app_text_number_verification_description,Sie müssen die Telefonnummer überprüfen. Bitte geben Sie die Telefonnummer und senden
app_text_login_with_phone_number,Einloggen mit Telefonnummer
app_text_fingerprint_not_available,Fingerabdruck-Authentifizierung ist in diesem Gerät nicht verfügbar!
app_text_fingerprint_not_enrolled,Keine Fingerabdrücke in das Gerät eingeschrieben.
app_text_android_marshmallow_required,Atleast Android Eibisch ist erforderlich, Fingerabdruck-Authentifizierung zu unterstützen.
app_text_fingerprint_error_try_again,Es gibt einige Fehler mit Fingerabdruck. Bitte versuchen Sie es erneut oder weiterhin ohne Fingerabdruck!
app_text_fingerprint_wipe_sensor_try_again,Es könnte etwas Staub auf dem Fingerabdrucksensor sein. Bitte wischen Sie es und versuchen Sie es erneut.
app_text_place_your_finger_on_sensor,Legen Sie Ihren Finger auf den Sensor, um fortzufahren
app_text_sec,Sec
app_text_min,Min
app_text_hour,Hour








































































































































