app_text_sec,Sec
app_text_min,Min
app_text_hour,Hour
apicall_954834405d762e3b854af89d3841eb2a,solicitar disponible
appcheckabandonedcart_0259a1bb6da0603027485ebdec0e64e3,La notificación enviada correctamente
appcheckabandonedcart_32cc9bac41739e0edebc83e239783807,ajuste de la compra abandonado está desactivado
appcheckabandonedcart_d5591d98b2f74d48205cfba7803045cf,No tiene permisos para acceder a esta página
apppayment_c91ceabee74d73ebaa1c93e38a108179,No se puede cargar la compra, carrito ID no existe.
apppayment_02d12101fb0f9afa9e6edb0fef748a42,No se puede cargar la compra, la compra no es válido.
apppayment_5189067f57ecc2a8b0fed9324bb808ca,La dirección de envío no es válido.
apppayment_208a75cceeac8424211bff23a9c5fae9,Cliente de correo electrónico no es válido
apppayment_dcf951059ca444f87d296d3b192783e6,Cliente con este correo electrónico no existe
apppayment_dd6b089a49908d671c3e9cc8dc5899ae,mensaje no válido
appaddaddress_5058fb0856b024c6a3c18d8e0c764157,dirección de envío se ha actualizado correctamente.
appaddaddress_51c3de87708e874610d18c0f70e525a3,dirección de envío se ha añadido con éxito.
appaddaddress_432100411a1c9a89bf06133afe8b96ce,Se produjo un error al agregar su dirección.
appaddaddress_eeabead01c6c6f25f22bf0b041df58a9,Debe registrar al menos un número de teléfono.
appaddaddress_66ed24fd1b91e55ae0ad7fdb4ed251c7,Este país requiere que se eligió un Estado.
appaddaddress_3dc3fe315fc270e7425b12e157e4619d,Este país no está activo.
appaddaddress_78f66140209a4979028fb80f21be5a44,El Postal / Código Postal que \ 've introducida no es válida. Se debe seguir el siguiente formato:% s
appaddaddress_50b668816d2acbdb62484bb5ea5d25ab,Se requiere una Postal / Código Postal.
appaddaddress_e6c1e151f2554afad6c0d551046650e8,El Postal / Código Postal no es válido.
appaddaddress_7c77177e0084c27161d63e7de535a1c6,El número de identificación es incorrecta o ya se ha utilizado.
appaddaddress_355169a606c66a6a39b8d23609f7329e,El alias% s ya se ha utilizado. Por favor seleccione otro.
appaddaddress_a00acc9b49d721d1e3006715a0ce7014,La dirección de correo electrónico no es válida
appaddaddress_dcf951059ca444f87d296d3b192783e6,Cliente con este correo electrónico no existe
appaddgiftwrapping_e61f52d02b9f52fbe1fd41ed320e29c3,Carro no encontrado
appaddgiftwrapping_694e8d1f2ee056f98ee488bdc4982d73,Cantidad
appaddgiftwrapping_6665e3761028c84e1d228de3432229ed,SKU
appaddgiftwrapping_287234a1ff35a314b5b6bc4e5828e745,atributos
appaddgiftwrapping_604279a9bb5369542695f2ad9e6185ca,El precio total (sin IVA).
appaddgiftwrapping_ada0f55ef37f4928c5cd970f378c15e8,vales totales
appaddgiftwrapping_7c166105b10b8a6a0c0f1c6540f5cd5e,envoltura total regalo
appaddgiftwrapping_f4e8b53a114e5a17d051ab84d326cae5,envío total
appaddgiftwrapping_c6995d6cc084c192bc2e742f052a5c74,¡Envío gratis!
appaddgiftwrapping_b602e0d0c6a72053d0a5be60cb2f8126,Total impuestos
appaddgiftwrapping_f3547ae5e06426d87312eff7dda775aa,Precio total
appaddgiftwrapping_ec1f68c64fcaf8260cfacf58cd4d4af7,Aprovecha nuestras ofertas exclusivas
appaddtocart_d0be3f6fa5d819a2a4b8cbf33ed465fe,datos de producto no se encuentra
appaddtocart_dfbe69c6d9568ecb0e65e7b32ed92a3a,Producto no encontrado
appaddtocart_b771481cd2413f3944a8dd1a7336a7a6,Mensaje no válido
appaddtocart_884d700eec6bda171ce20acc5195fb3d,Añadir Cantidad mínima de producto
appaddtocart_92a8d89d9ecdd91b4cc4566666b16a60,No se puede añadir el producto en el carrito
appaddtocart_d09302c4932f23969957f06289bfddb3,Producto añadido con éxito
appaddtowishlist_64d3e466dc798bae867ca9044b65822e,No se puede cargar producto
appaddtowishlist_ac588dbf1ea617c2628b10c2406e0ed0,Lista módulo está inactivo o no está instalado.
appaddtowishlist_b65db11517e70558e870ea4bc6dfbf0e,no es existir cliente con este correo electrónico.
appaddtowishlist_0e042db7a9a38d0d1c833dd4c141d77d,dirección de correo electrónico o no es válido.
appaddtowishlist_6cba49b790757be59e258de6d28fa078,Producto añadido a la lista de deseos
appapplydelayshipping_e61f52d02b9f52fbe1fd41ed320e29c3,Carro no encontrado
appapplydelayshipping_694e8d1f2ee056f98ee488bdc4982d73,Cantidad
appapplydelayshipping_6665e3761028c84e1d228de3432229ed,SKU
appapplydelayshipping_287234a1ff35a314b5b6bc4e5828e745,atributos
appapplydelayshipping_604279a9bb5369542695f2ad9e6185ca,El precio total (sin IVA).
appapplydelayshipping_ada0f55ef37f4928c5cd970f378c15e8,vales totales
appapplydelayshipping_7c166105b10b8a6a0c0f1c6540f5cd5e,envoltura total regalo
appapplydelayshipping_f4e8b53a114e5a17d051ab84d326cae5,envío total
appapplydelayshipping_c6995d6cc084c192bc2e742f052a5c74,¡Envío gratis!
appapplydelayshipping_b602e0d0c6a72053d0a5be60cb2f8126,Total impuestos
appapplydelayshipping_f3547ae5e06426d87312eff7dda775aa,Precio total
appapplydelayshipping_824a96e60e7720c695e8c6f7abd856f4,Se requiere un total mínimo de compra% 1s para validar su pedido, total actual es% 2s
appapplydelayshipping_ec1f68c64fcaf8260cfacf58cd4d4af7,Aprovecha nuestras ofertas exclusivas
appapplyvoucher_e61f52d02b9f52fbe1fd41ed320e29c3,Carro no encontrado
appapplyvoucher_694e8d1f2ee056f98ee488bdc4982d73,Cantidad
appapplyvoucher_6665e3761028c84e1d228de3432229ed,SKU
appapplyvoucher_287234a1ff35a314b5b6bc4e5828e745,atributos
appapplyvoucher_604279a9bb5369542695f2ad9e6185ca,El precio total (sin IVA).
appapplyvoucher_ada0f55ef37f4928c5cd970f378c15e8,vales totales
appapplyvoucher_7c166105b10b8a6a0c0f1c6540f5cd5e,envoltura total regalo
appapplyvoucher_f4e8b53a114e5a17d051ab84d326cae5,envío total
appapplyvoucher_c6995d6cc084c192bc2e742f052a5c74,¡Envío gratis!
appapplyvoucher_b602e0d0c6a72053d0a5be60cb2f8126,Total impuestos
appapplyvoucher_f3547ae5e06426d87312eff7dda775aa,Precio total
appapplyvoucher_ec1f68c64fcaf8260cfacf58cd4d4af7,Aprovecha nuestras ofertas exclusivas
appapplyvoucher_e15b9d349af7453e81350c8ffd2a7615,Debe ingresar un código de cupón
appapplyvoucher_f49f486fa8a77bcf2d4506587422ed4f,El código de cupón no es válido
appapplyvoucher_a866f5cd5e6f4bc4e3ccb09293101e4e,Bono aplicado con éxito a la cesta
appapplyvoucher_e062b646b60fd5fffc3c21afe87eb2ce,Esta característica no se encuentra activo para este bono
appcheckorderstatus_dfcd44bdec4088a7597f5a3d85c6d5bf,No se puede cargar la cesta
appcheckorderstatus_430328c36edf7e197527273c216533a2,Orden creado por este carro
appcheckorderstatus_a00acc9b49d721d1e3006715a0ce7014,La dirección de correo electrónico no es válida
appcheckorderstatus_dcf951059ca444f87d296d3b192783e6,Cliente con este correo electrónico no existe
appcheckout_3f324964e384daea4b317e5f179016df,Cesta ID no existe
appcheckout_e61f52d02b9f52fbe1fd41ed320e29c3,Carro no encontrado
appcheckout_694e8d1f2ee056f98ee488bdc4982d73,Cantidad
appcheckout_63d5049791d9d79d86e9a108b0a999ca,Referencia
appcheckout_287234a1ff35a314b5b6bc4e5828e745,atributos
appcheckout_da7a26ae7679cdec15e19468cdc4c66d,Cesta de información ha cargado correctamente
appcheckout_604279a9bb5369542695f2ad9e6185ca,El precio total (sin IVA).
appcheckout_ada0f55ef37f4928c5cd970f378c15e8,vales totales
appcheckout_7c166105b10b8a6a0c0f1c6540f5cd5e,envoltura total regalo
appcheckout_f4e8b53a114e5a17d051ab84d326cae5,envío total
appcheckout_c6995d6cc084c192bc2e742f052a5c74,¡Envío gratis!
appcheckout_b602e0d0c6a72053d0a5be60cb2f8126,Total impuestos
appcheckout_f3547ae5e06426d87312eff7dda775aa,Precio total
appcheckout_f633584ed6ab75aa538bdf7c9269aac1,(Costo adicional de
appcheckout_a00acc9b49d721d1e3006715a0ce7014,La dirección de correo electrónico no es válida
appcheckout_dcf951059ca444f87d296d3b192783e6,Cliente con este correo electrónico no existe
appcheckout_04f20f929ad93c8a94dbf706e05a9bd6,No se puede obtener detalles de la dirección de envío
appcheckout_700c53d8cec1b1e9cf6c247944126166,Se produjo un error al actualizar su carrito.
appcheckout_78c46e5c6e68799668e5b0af361e8e5d,No hay transportistas que entregan a algunas direcciones que haya seleccionado.
appcheckout_3ce77aba56f064e8e177a01a7d88d415,No hay transportistas que entregan a una dirección que ha seleccionado.
appcheckout_d049e05d0babc4c1643c4b36397be24d,No hay transportistas que entregan a la dirección que ha seleccionado.
appcheckout_51dfe3dfbcd0ea5974aba6663a660a2b,Sin Envío Método Requerido
appcheckout_b24ce0cd392a5b0b8dedc66c25213594,Gratis
appcheckout_6e15f72a51837e528df003792a367360,No Disponible Envío Método
appcheckout_e01c4498102e120635a233f6ece469da,No se puede obtener detalles de la dirección de facturación
appcore_453584dcf31a45f1a2285e736091ab88,módulo de aplicación móvil está desactivada.
appcore_eef6d0bfb2baac0933acaeb8386f3bf3,módulo de aplicación móvil está inactivo o no está instalado.
appcore_de0d079814594c9a07785c5433b7830f,No se puede obtener la lista de productos
appcreateorder_3f324964e384daea4b317e5f179016df,Cesta ID no existe
appcreateorder_e61f52d02b9f52fbe1fd41ed320e29c3,Carro no encontrado
appcreateorder_a00acc9b49d721d1e3006715a0ce7014,La dirección de correo electrónico no es válida
appcreateorder_dcf951059ca444f87d296d3b192783e6,Cliente con este correo electrónico no existe
appcreateorder_04d56d3845162acfb694a4a9e43652d2,Can \ 't de carga Estado del pedido
appcreateorder_bd46744c55c6dcf066dd125fedf954a6,clave de seguridad no coincide
appcreateorder_cd53515e3ac8aaa8cbef5e3d66d934e1,CartRule utilizado en este carro no es válido y se ha retirado de la compra
appcreateorder_9056f5dba2507645e07d0c7b55c74c90,El carrito esta vacío.
appcreateorder_f7328eec8ea840e9eeafae3766e4bca9,El país de la dirección de entrega no está activo.
appcreateorder_21117dd42fc79f46a81ccb5f7d66c460,El orden no se puede crear
appcreateorder_a6addeb40ed0462485e6e95ba6def81f,Error en el pago para el ahorro
appcreateorder_845c771e8459c46db334e5ad7bbad9b8,Orden creado con éxito
appcreateorder_b08d3867be98e6fff3233cd40ab8134a,creación de la orden no pudo
appcreateorder_43423b4056880b08f2c9aa50d8670531,La compra no se puede cargar o un pedido ya ha sido colocado usando este carro
appforgotpassword_e267e2be02cf3e29f4ba53b5d97cf78a,dirección de correo electrónico válida.
appforgotpassword_b51cb75f23091c0f98bea54ae7615080,No existe una cuenta registrada para esta dirección de correo electrónico.
appforgotpassword_194496a52d41fba1c9e6140c4eb34f83,No se puede regenerar la contraseña para esta cuenta.
appforgotpassword_922dc0515643fb69585b67281692644a,Puede regenerar su contraseña sólo cada% d minuto (s)
appforgotpassword_62a0ad9b46a5eed332c032b0c11ce07a,Un correo electrónico de confirmación ha sido enviado a su dirección:
appforgotpassword_6e2fc94479ac0c63543886a235e3370c,Se produjo un error al enviar el correo electrónico.
appforgotpassword_ea3729ee448ef1d87bd298843f658749,parámetro de correo electrónico no se ha establecido
appgetaddressdetails_69fb27bd2e44f47a9ae98aa1695df278,No se puede cargar la dirección
appgetaddressdetails_c462960a6bd53db34f778d0562703ad3,Número de valor agregado
appgetaddressdetails_b60bb13a87fe3ae5463aeb0980a5a8a1,Número de identificación
appgetaddressdetails_e4eb5dadb6ee84c5c55a8edf53f6e554,Zip / Código Postal
appgetaddressdetails_20db0bfeecd8fe60533206a2b5e9891a,Nombre de pila
appgetaddressdetails_8d3f5eff9c40ee315d452392bed5309b,Apellido
appgetaddressdetails_dd7bf230fde8d4836917806aff6a6b27,Dirección
appgetaddressdetails_846a54955f32846032981f8fe48c35ff,Dirección (línea 2)
appgetaddressdetails_57d056ed0984166336b7879c2af3657f,Ciudad
appgetaddressdetails_59716c97497eb9694541f7c3d37b1a4d,País
appgetaddressdetails_46a2a41cc6e552044816a2d04634545d,Estado
appgetaddressdetails_1c76cbfe21c6f44c1d1e59d54f3e4420,Empresa
appgetaddressdetails_fe66abce284ec8589e7d791185b5c442,Teléfono de casa
appgetaddressdetails_41c2fff4867cc204120f001e7af20f7a,Teléfono móvil
appgetaddressdetails_0f68b904e33d9ac04605aecc958bcf52,Información Adicional
appgetaddressdetails_711ccfcebd3f316fa55e127061a1044a,Título Dirección
appgetaddressdetails_37e084acb152f3e6a5877f861e08819e,Dirección cargado correctamente
appgetaddressform_c462960a6bd53db34f778d0562703ad3,Número de valor agregado
appgetaddressform_b60bb13a87fe3ae5463aeb0980a5a8a1,Número de identificación
appgetaddressform_e4eb5dadb6ee84c5c55a8edf53f6e554,Zip / Código Postal
appgetaddressform_20db0bfeecd8fe60533206a2b5e9891a,Nombre de pila
appgetaddressform_8d3f5eff9c40ee315d452392bed5309b,Apellido
appgetaddressform_dd7bf230fde8d4836917806aff6a6b27,Dirección
appgetaddressform_846a54955f32846032981f8fe48c35ff,Dirección (línea 2)
appgetaddressform_57d056ed0984166336b7879c2af3657f,Ciudad
appgetaddressform_59716c97497eb9694541f7c3d37b1a4d,País
appgetaddressform_46a2a41cc6e552044816a2d04634545d,Estado
appgetaddressform_1c76cbfe21c6f44c1d1e59d54f3e4420,Empresa
appgetaddressform_fe66abce284ec8589e7d791185b5c442,Teléfono de casa
appgetaddressform_41c2fff4867cc204120f001e7af20f7a,Teléfono móvil
appgetaddressform_0f68b904e33d9ac04605aecc958bcf52,Información Adicional
appgetaddressform_711ccfcebd3f316fa55e127061a1044a,Título Dirección
appgetaddressform_958a1c94f27df673dc5b258b2b0cc528,No se puede obtener de Estado de País
appgetaddressform_69fb27bd2e44f47a9ae98aa1695df278,No se puede cargar la dirección
appgetaddressform_37e084acb152f3e6a5877f861e08819e,Dirección cargado correctamente
appgetcartdetails_08d0d87bfba2d0c58c04494fc2143cad,Lo siento. Cesta ID no existe
appgetcartdetails_56ca67fde405db4d75fb5fc3350db81b,Lo siento. No podemos renovar su orden.
appgetcartdetails_b22604f6ddd3fb79ff38568a5a0141e0,Algunos elementos ya no están disponibles, y que son incapaces de renovar su orden.
appgetcartdetails_e61f52d02b9f52fbe1fd41ed320e29c3,Carro no encontrado
appgetcartdetails_694e8d1f2ee056f98ee488bdc4982d73,Cantidad
appgetcartdetails_6665e3761028c84e1d228de3432229ed,SKU
appgetcartdetails_287234a1ff35a314b5b6bc4e5828e745,atributos
appgetcartdetails_604279a9bb5369542695f2ad9e6185ca,El precio total (sin IVA).
appgetcartdetails_ada0f55ef37f4928c5cd970f378c15e8,vales totales
appgetcartdetails_7c166105b10b8a6a0c0f1c6540f5cd5e,envoltura total regalo
appgetcartdetails_f4e8b53a114e5a17d051ab84d326cae5,envío total
appgetcartdetails_c6995d6cc084c192bc2e742f052a5c74,¡Envío gratis!
appgetcartdetails_b602e0d0c6a72053d0a5be60cb2f8126,Total impuestos
appgetcartdetails_f3547ae5e06426d87312eff7dda775aa,Precio total
appgetcartdetails_ec1f68c64fcaf8260cfacf58cd4d4af7,Aprovecha nuestras ofertas exclusivas
appgetcategorydetails_b22529647cbe4f4d260f349baec9d630,Categoría ID no existe
appgetcategorydetails_bd964ff97bc91ddd97289acc711b84f9,El término de búsqueda no se encuentra
appgetcustomeraddress_a00acc9b49d721d1e3006715a0ce7014,La dirección de correo electrónico no es válida
appgetcustomeraddress_18dc0570e2b85b76ff5773027fd75248,El cliente no existe para esta dirección de correo electrónico.
appgetfilters_b22529647cbe4f4d260f349baec9d630,Categoría ID no existe
appgetfilters_bd964ff97bc91ddd97289acc711b84f9,El término de búsqueda no se encuentra
appgethome_cf75826aa860140d05ad30996cf175e8,Top Sliders
appgethome_2d9b9a764fb0be4be10e1b2fce63f561,deslizador
appgethome_7c0ad572fae721669da32e4ef439c1b4,Top Banderas
appgethome_6ff29916f99fff9d2494d28e721ae77e,Bandera
appgethome_9a90d6756768c9c8b41e0db9a384c251,Productos de la característica
appgethome_1276c482cb32edf4fce51761a9792716,productos especiales
appgethome_26e2d291250a79cb9d62ae299ff7fffa,los productos de los más vendidos
appgethome_31d26a6487e08357bd771619e894b0c6,Los recién llegados
appgethome_dfcd44bdec4088a7597f5a3d85c6d5bf,No se puede cargar la cesta
appgethome_430328c36edf7e197527273c216533a2,Orden creado por este carro
appgetmobilepaymentmethods_98ce442fb183c4de4fbe7d67e056b117,No hay métodos de pago están habilitados
appgetmobilepaymentmethods_5b7d532d6e7746d362b89e27cdb51a36,No hay métodos de pago se ha configurado
appgetorderdetails_a237560ece5935da47dd1c9b1cea4d19,Identificación del pedido falta
appgetorderdetails_5f34ed748b73efce4af2b84461f86d51,No se puede cargar los datos del pedido
appgetorders_ca3e85454678003dbdba2fbbb34ec11d,No se puede cargar el historial de pedidos
appgetorders_a00acc9b49d721d1e3006715a0ce7014,La dirección de correo electrónico no es válida
appgetorders_dcf951059ca444f87d296d3b192783e6,Cliente con este correo electrónico no existe
appgetorders_694e8d1f2ee056f98ee488bdc4982d73,Cantidad
appgetorders_6665e3761028c84e1d228de3432229ed,SKU
appgetproductdetails_04ed5396be771c71ecc89b3beb627684,Identificación del producto no se encuentra
appgetproductdetails_dfbe69c6d9568ecb0e65e7b32ed92a3a,Producto no encontrado
appgetproductdetails_1be6f9eb563f3bf85c78b4219bf09de9,Marca
appgetproductdetails_6665e3761028c84e1d228de3432229ed,SKU
appgetproductdetails_9e2941b3c81256fac10392aaca4ccfde,Condición
appgetproductdetails_db5963a70dd965e53337043be1dcb991,Este producto no está disponible en App ya que tiene campo Archivo de personalización.
appgetprofile_a00acc9b49d721d1e3006715a0ce7014,La dirección de correo electrónico no es válida
appgetprofile_dcf951059ca444f87d296d3b192783e6,Cliente con este correo electrónico no existe
appgetregions_958a1c94f27df673dc5b258b2b0cc528,No se puede obtener de Estado de País
appgetwishlist_ac588dbf1ea617c2628b10c2406e0ed0,Lista módulo está inactivo o no está instalado.
appgetwishlist_b65db11517e70558e870ea4bc6dfbf0e,no es existir cliente con este correo electrónico.
appgetwishlist_0e042db7a9a38d0d1c833dd4c141d77d,dirección de correo electrónico o no es válido.
appgetwishlist_9db509ecd7d739938fdc3dda8bc12bc9,No se encuentra en mi lista de preferencias
appguestregistration_164b06b3d14521584edbc4dda05b220d,Por favor, indique la dirección de correo electrónico
appguestregistration_e267e2be02cf3e29f4ba53b5d97cf78a,dirección de correo electrónico válida.
appguestregistration_db8a6a25796eff7d9010bfe3774c2382,Una cuenta de correo electrónico utilizando esta dirección ya ha sido registrada.
applogin_96550f206ccd1c321be787e4f1875ed4,Una dirección de correo electrónico requerido.
applogin_e267e2be02cf3e29f4ba53b5d97cf78a,dirección de correo electrónico válida.
applogin_20aedd1e6de4dcf8d115b5a7424c58d7,Se requiere contraseña.
applogin_e388a72d1abdd7af5f08b44ff698afbe,Contraseña invalida.
applogin_47d03b2e9a827c42170ba95d35af06d2,Sus ISN \ 't cuenta disponible en este momento.
applogin_802b207b05fe5cea22e11b9db804b33d,Error de autenticación.
applogin_23449e6c6fb211fb8bf12eae126cf555,Iniciar sesión de usuario con éxito
appregisteruser_7ffc7db3c8072a468937761b9fa9583c,Nombre inválido.
appregisteruser_5226b39ad81c6d482af27920b0d532ae,Apellido no válido.
appregisteruser_e267e2be02cf3e29f4ba53b5d97cf78a,dirección de correo electrónico válida.
appregisteruser_e388a72d1abdd7af5f08b44ff698afbe,Contraseña invalida.
appregisteruser_0984b2c0c7aa81adae4ab22b4c39d350,Los datos del cliente no está disponible.
appregisteruser_db8a6a25796eff7d9010bfe3774c2382,Una cuenta de correo electrónico utilizando esta dirección ya ha sido registrada.
appregisteruser_52255315e18d82f8e728722aae90ed1e,Al cliente se ha creado correctamente.
appremovedelayshipping_e61f52d02b9f52fbe1fd41ed320e29c3,Carro no encontrado
appremovedelayshipping_694e8d1f2ee056f98ee488bdc4982d73,Cantidad
appremovedelayshipping_6665e3761028c84e1d228de3432229ed,SKU
appremovedelayshipping_287234a1ff35a314b5b6bc4e5828e745,atributos
appremovedelayshipping_604279a9bb5369542695f2ad9e6185ca,El precio total (sin IVA).
appremovedelayshipping_ada0f55ef37f4928c5cd970f378c15e8,vales totales
appremovedelayshipping_7c166105b10b8a6a0c0f1c6540f5cd5e,envoltura total regalo
appremovedelayshipping_f4e8b53a114e5a17d051ab84d326cae5,envío total
appremovedelayshipping_c6995d6cc084c192bc2e742f052a5c74,¡Envío gratis!
appremovedelayshipping_b602e0d0c6a72053d0a5be60cb2f8126,Total impuestos
appremovedelayshipping_f3547ae5e06426d87312eff7dda775aa,Precio total
appremovedelayshipping_ec1f68c64fcaf8260cfacf58cd4d4af7,Aprovecha nuestras ofertas exclusivas
appremovegiftwrapping_e61f52d02b9f52fbe1fd41ed320e29c3,Carro no encontrado
appremovegiftwrapping_694e8d1f2ee056f98ee488bdc4982d73,Cantidad
appremovegiftwrapping_6665e3761028c84e1d228de3432229ed,SKU
appremovegiftwrapping_287234a1ff35a314b5b6bc4e5828e745,atributos
appremovegiftwrapping_604279a9bb5369542695f2ad9e6185ca,El precio total (sin IVA).
appremovegiftwrapping_ada0f55ef37f4928c5cd970f378c15e8,vales totales
appremovegiftwrapping_7c166105b10b8a6a0c0f1c6540f5cd5e,envoltura total regalo
appremovegiftwrapping_f4e8b53a114e5a17d051ab84d326cae5,envío total
appremovegiftwrapping_c6995d6cc084c192bc2e742f052a5c74,¡Envío gratis!
appremovegiftwrapping_b602e0d0c6a72053d0a5be60cb2f8126,Total impuestos
appremovegiftwrapping_f3547ae5e06426d87312eff7dda775aa,Precio total
appremovegiftwrapping_ec1f68c64fcaf8260cfacf58cd4d4af7,Aprovecha nuestras ofertas exclusivas
appremoveproduct_e61f52d02b9f52fbe1fd41ed320e29c3,Carro no encontrado
appremoveproduct_694e8d1f2ee056f98ee488bdc4982d73,Cantidad
appremoveproduct_6665e3761028c84e1d228de3432229ed,SKU
appremoveproduct_287234a1ff35a314b5b6bc4e5828e745,atributos
appremoveproduct_604279a9bb5369542695f2ad9e6185ca,El precio total (sin IVA).
appremoveproduct_ada0f55ef37f4928c5cd970f378c15e8,vales totales
appremoveproduct_7c166105b10b8a6a0c0f1c6540f5cd5e,envoltura total regalo
appremoveproduct_f4e8b53a114e5a17d051ab84d326cae5,envío total
appremoveproduct_c6995d6cc084c192bc2e742f052a5c74,¡Envío gratis!
appremoveproduct_b602e0d0c6a72053d0a5be60cb2f8126,Total impuestos
appremoveproduct_f3547ae5e06426d87312eff7dda775aa,Precio total
appremoveproduct_824a96e60e7720c695e8c6f7abd856f4,Se requiere un total mínimo de compra% 1s para validar su pedido, total actual es% 2s
appremoveproduct_ec1f68c64fcaf8260cfacf58cd4d4af7,Aprovecha nuestras ofertas exclusivas
appremoveproduct_83af0c74c4cd7eef63a11d3ba7e48fda,Datos de producto no se encuentra.
appremoveproduct_f7ac9125e391518b45badf32ca5b152b,Identificación del producto no se encuentra.
appremoveproduct_dfbe69c6d9568ecb0e65e7b32ed92a3a,Producto no encontrado
appremoveproduct_0d38c90d843c787c0be14f790998210c,Debe añadir la cantidad mínima d%
appremoveproduct_3a3f4a8eb22f25c672d3af4e42df7d33,Producto elimina con éxito
appremovevoucher_e61f52d02b9f52fbe1fd41ed320e29c3,Carro no encontrado
appremovevoucher_694e8d1f2ee056f98ee488bdc4982d73,Cantidad
appremovevoucher_6665e3761028c84e1d228de3432229ed,SKU
appremovevoucher_287234a1ff35a314b5b6bc4e5828e745,atributos
appremovevoucher_604279a9bb5369542695f2ad9e6185ca,El precio total (sin IVA).
appremovevoucher_ada0f55ef37f4928c5cd970f378c15e8,vales totales
appremovevoucher_7c166105b10b8a6a0c0f1c6540f5cd5e,envoltura total regalo
appremovevoucher_f4e8b53a114e5a17d051ab84d326cae5,envío total
appremovevoucher_c6995d6cc084c192bc2e742f052a5c74,¡Envío gratis!
appremovevoucher_b602e0d0c6a72053d0a5be60cb2f8126,Total impuestos
appremovevoucher_f3547ae5e06426d87312eff7dda775aa,Precio total
appremovevoucher_824a96e60e7720c695e8c6f7abd856f4,Se requiere un total mínimo de compra% 1s para validar su pedido, total actual es% 2s
appremovevoucher_ec1f68c64fcaf8260cfacf58cd4d4af7,Aprovecha nuestras ofertas exclusivas
appremovevoucher_b718489ea250655f5a6de41d6ad9539e,Bono eliminado correctamente
appremovevoucher_15bddec15f9c9237c333ed66cf65baf6,Ha ocurrido un error mientras se quita bono
appremovewishlist_64d3e466dc798bae867ca9044b65822e,No se puede cargar producto
appremovewishlist_ac588dbf1ea617c2628b10c2406e0ed0,Lista módulo está inactivo o no está instalado.
appremovewishlist_b65db11517e70558e870ea4bc6dfbf0e,no es existir cliente con este correo electrónico.
appremovewishlist_0e042db7a9a38d0d1c833dd4c141d77d,dirección de correo electrónico o no es válido.
appremovewishlist_956d818758e07660a5885268e15c92a9,Producto retirado de la lista de deseos
appreorder_56ca67fde405db4d75fb5fc3350db81b,Lo siento. No podemos renovar su orden.
appreorder_b22604f6ddd3fb79ff38568a5a0141e0,Algunos elementos ya no están disponibles, y que son incapaces de renovar su orden.
appreorder_1c5fea3a8662e49ee07edf2b7fd22eb5,Lo siento. No podemos renovar su orden. Solicitar ID no existe
appreorder_e61f52d02b9f52fbe1fd41ed320e29c3,Carro no encontrado
appreorder_694e8d1f2ee056f98ee488bdc4982d73,Cantidad
appreorder_6665e3761028c84e1d228de3432229ed,SKU
appreorder_287234a1ff35a314b5b6bc4e5828e745,atributos
appreorder_604279a9bb5369542695f2ad9e6185ca,El precio total (sin IVA).
appreorder_ada0f55ef37f4928c5cd970f378c15e8,vales totales
appreorder_7c166105b10b8a6a0c0f1c6540f5cd5e,envoltura total regalo
appreorder_f4e8b53a114e5a17d051ab84d326cae5,envío total
appreorder_c6995d6cc084c192bc2e742f052a5c74,¡Envío gratis!
appreorder_b602e0d0c6a72053d0a5be60cb2f8126,Total impuestos
appreorder_f3547ae5e06426d87312eff7dda775aa,Precio total
appreorder_824a96e60e7720c695e8c6f7abd856f4,Se requiere un total mínimo de compra% 1s para validar su pedido, total actual es% 2s
appreorder_ec1f68c64fcaf8260cfacf58cd4d4af7,Aprovecha nuestras ofertas exclusivas
appsavegiftmessage_e61f52d02b9f52fbe1fd41ed320e29c3,Carro no encontrado
appsavegiftmessage_15bddec15f9c9237c333ed66cf65baf6,Ha ocurrido un error mientras se quita bono
appsavegiftmessage_4af3f045da697ee7929661dd4dde0242,mensaje de regalo salvado
appsavegiftmessage_694e8d1f2ee056f98ee488bdc4982d73,Cantidad
appsavegiftmessage_6665e3761028c84e1d228de3432229ed,SKU
appsavegiftmessage_287234a1ff35a314b5b6bc4e5828e745,atributos
appsavegiftmessage_604279a9bb5369542695f2ad9e6185ca,El precio total (sin IVA).
appsavegiftmessage_ada0f55ef37f4928c5cd970f378c15e8,vales totales
appsavegiftmessage_7c166105b10b8a6a0c0f1c6540f5cd5e,envoltura total regalo
appsavegiftmessage_f4e8b53a114e5a17d051ab84d326cae5,envío total
appsavegiftmessage_c6995d6cc084c192bc2e742f052a5c74,¡Envío gratis!
appsavegiftmessage_b602e0d0c6a72053d0a5be60cb2f8126,Total impuestos
appsavegiftmessage_f3547ae5e06426d87312eff7dda775aa,Precio total
appsavegiftmessage_824a96e60e7720c695e8c6f7abd856f4,Se requiere un total mínimo de compra% 1s para validar su pedido, total actual es% 2s
appsavegiftmessage_ec1f68c64fcaf8260cfacf58cd4d4af7,Aprovecha nuestras ofertas exclusivas
appsetbillingaddress_3f324964e384daea4b317e5f179016df,Cesta ID no existe
appsetbillingaddress_e61f52d02b9f52fbe1fd41ed320e29c3,Carro no encontrado
appsetbillingaddress_694e8d1f2ee056f98ee488bdc4982d73,Cantidad
appsetbillingaddress_63d5049791d9d79d86e9a108b0a999ca,Referencia
appsetbillingaddress_287234a1ff35a314b5b6bc4e5828e745,atributos
appsetbillingaddress_da7a26ae7679cdec15e19468cdc4c66d,Cesta de información ha cargado correctamente
appsetbillingaddress_604279a9bb5369542695f2ad9e6185ca,El precio total (sin IVA).
appsetbillingaddress_ada0f55ef37f4928c5cd970f378c15e8,vales totales
appsetbillingaddress_7c166105b10b8a6a0c0f1c6540f5cd5e,envoltura total regalo
appsetbillingaddress_f4e8b53a114e5a17d051ab84d326cae5,envío total
appsetbillingaddress_c6995d6cc084c192bc2e742f052a5c74,¡Envío gratis!
appsetbillingaddress_b602e0d0c6a72053d0a5be60cb2f8126,Total impuestos
appsetbillingaddress_f3547ae5e06426d87312eff7dda775aa,Precio total
appsetbillingaddress_f633584ed6ab75aa538bdf7c9269aac1,(Costo adicional de
appsetbillingaddress_bf804c0fa1807646b297f7be6843138f,Se requiere un total mínimo de compra% 1s para validar su pedido, compra total actual es% 2s
appsetbillingaddress_a00acc9b49d721d1e3006715a0ce7014,La dirección de correo electrónico no es válida
appsetbillingaddress_dcf951059ca444f87d296d3b192783e6,Cliente con este correo electrónico no existe
appsetbillingaddress_04f20f929ad93c8a94dbf706e05a9bd6,No se puede obtener detalles de la dirección de envío
appsetbillingaddress_700c53d8cec1b1e9cf6c247944126166,Se produjo un error al actualizar su carrito.
appsetbillingaddress_0383858ad9a560ca2ecb8066c1681807,La selección del producto no puede ser entregado por el transportista (s) disponible: es demasiado pesado. Por favor, modifique su carrito para reducir su peso.
appsetbillingaddress_942649e42a59a56bd717acc3fed307b8,La selección de producto no puede ser entregado por el portador (s) disponible. Por favor, modifique su carrito.
appsetbillingaddress_7c013b3defbf4cec9cd69f2e99a8d84c,La selección de producto no puede ser entregado por el portador (s) disponible: su tamaño no encaja. Por favor, modifique su carrito para reducir su tamaño.
appsetbillingaddress_78c46e5c6e68799668e5b0af361e8e5d,No hay transportistas que entregan a algunas direcciones que haya seleccionado.
appsetbillingaddress_3ce77aba56f064e8e177a01a7d88d415,No hay transportistas que entregan a una dirección que ha seleccionado.
appsetbillingaddress_d049e05d0babc4c1643c4b36397be24d,No hay transportistas que entregan a la dirección que ha seleccionado.
appsetbillingaddress_51dfe3dfbcd0ea5974aba6663a660a2b,Sin Envío Método Requerido
appsetbillingaddress_b24ce0cd392a5b0b8dedc66c25213594,Gratis
appsetbillingaddress_6e15f72a51837e528df003792a367360,No Disponible Envío Método
appsetbillingaddress_e01c4498102e120635a233f6ece469da,No se puede obtener detalles de la dirección de facturación
appsetshippingaddress_3f324964e384daea4b317e5f179016df,Cesta ID no existe
appsetshippingaddress_e61f52d02b9f52fbe1fd41ed320e29c3,Carro no encontrado
appsetshippingaddress_694e8d1f2ee056f98ee488bdc4982d73,Cantidad
appsetshippingaddress_63d5049791d9d79d86e9a108b0a999ca,Referencia
appsetshippingaddress_287234a1ff35a314b5b6bc4e5828e745,atributos
appsetshippingaddress_da7a26ae7679cdec15e19468cdc4c66d,Cesta de información ha cargado correctamente
appsetshippingaddress_604279a9bb5369542695f2ad9e6185ca,El precio total (sin IVA).
appsetshippingaddress_ada0f55ef37f4928c5cd970f378c15e8,vales totales
appsetshippingaddress_7c166105b10b8a6a0c0f1c6540f5cd5e,envoltura total regalo
appsetshippingaddress_f4e8b53a114e5a17d051ab84d326cae5,envío total
appsetshippingaddress_c6995d6cc084c192bc2e742f052a5c74,¡Envío gratis!
appsetshippingaddress_b602e0d0c6a72053d0a5be60cb2f8126,Total impuestos
appsetshippingaddress_f3547ae5e06426d87312eff7dda775aa,Precio total
appsetshippingaddress_f633584ed6ab75aa538bdf7c9269aac1,(Costo adicional de
appsetshippingaddress_bf804c0fa1807646b297f7be6843138f,Se requiere un total mínimo de compra% 1s para validar su pedido, compra total actual es% 2s
appsetshippingaddress_a00acc9b49d721d1e3006715a0ce7014,La dirección de correo electrónico no es válida
appsetshippingaddress_dcf951059ca444f87d296d3b192783e6,Cliente con este correo electrónico no existe
appsetshippingaddress_04f20f929ad93c8a94dbf706e05a9bd6,No se puede obtener detalles de la dirección de envío
appsetshippingaddress_700c53d8cec1b1e9cf6c247944126166,Se produjo un error al actualizar su carrito.
appsetshippingaddress_0383858ad9a560ca2ecb8066c1681807,La selección del producto no puede ser entregado por el transportista (s) disponible: es demasiado pesado. Por favor, modifique su carrito para reducir su peso.
appsetshippingaddress_942649e42a59a56bd717acc3fed307b8,La selección de producto no puede ser entregado por el portador (s) disponible. Por favor, modifique su carrito.
appsetshippingaddress_7c013b3defbf4cec9cd69f2e99a8d84c,La selección de producto no puede ser entregado por el portador (s) disponible: su tamaño no encaja. Por favor, modifique su carrito para reducir su tamaño.
appsetshippingaddress_78c46e5c6e68799668e5b0af361e8e5d,No hay transportistas que entregan a algunas direcciones que haya seleccionado.
appsetshippingaddress_3ce77aba56f064e8e177a01a7d88d415,No hay transportistas que entregan a una dirección que ha seleccionado.
appsetshippingaddress_d049e05d0babc4c1643c4b36397be24d,No hay transportistas que entregan a la dirección que ha seleccionado.
appsetshippingaddress_51dfe3dfbcd0ea5974aba6663a660a2b,Sin Envío Método Requerido
appsetshippingaddress_b24ce0cd392a5b0b8dedc66c25213594,Gratis
appsetshippingaddress_6e15f72a51837e528df003792a367360,No Disponible Envío Método
appsetshippingaddress_e01c4498102e120635a233f6ece469da,No se puede obtener detalles de la dirección de facturación
appsetshippingmethod_3f324964e384daea4b317e5f179016df,Cesta ID no existe
appsetshippingmethod_e61f52d02b9f52fbe1fd41ed320e29c3,Carro no encontrado
appsetshippingmethod_694e8d1f2ee056f98ee488bdc4982d73,Cantidad
appsetshippingmethod_63d5049791d9d79d86e9a108b0a999ca,Referencia
appsetshippingmethod_287234a1ff35a314b5b6bc4e5828e745,atributos
appsetshippingmethod_da7a26ae7679cdec15e19468cdc4c66d,Cesta de información ha cargado correctamente
appsetshippingmethod_604279a9bb5369542695f2ad9e6185ca,El precio total (sin IVA).
appsetshippingmethod_ada0f55ef37f4928c5cd970f378c15e8,vales totales
appsetshippingmethod_7c166105b10b8a6a0c0f1c6540f5cd5e,envoltura total regalo
appsetshippingmethod_f4e8b53a114e5a17d051ab84d326cae5,envío total
appsetshippingmethod_c6995d6cc084c192bc2e742f052a5c74,¡Envío gratis!
appsetshippingmethod_b602e0d0c6a72053d0a5be60cb2f8126,Total impuestos
appsetshippingmethod_f3547ae5e06426d87312eff7dda775aa,Precio total
appsetshippingmethod_f633584ed6ab75aa538bdf7c9269aac1,(Costo adicional de
appsetshippingmethod_bf804c0fa1807646b297f7be6843138f,Se requiere un total mínimo de compra% 1s para validar su pedido, compra total actual es% 2s
appsetshippingmethod_a00acc9b49d721d1e3006715a0ce7014,La dirección de correo electrónico no es válida
appsetshippingmethod_dcf951059ca444f87d296d3b192783e6,Cliente con este correo electrónico no existe
appsetshippingmethod_04f20f929ad93c8a94dbf706e05a9bd6,No se puede obtener detalles de la dirección de envío
appsetshippingmethod_700c53d8cec1b1e9cf6c247944126166,Se produjo un error al actualizar su carrito.
appsetshippingmethod_0383858ad9a560ca2ecb8066c1681807,La selección del producto no puede ser entregado por el transportista (s) disponible: es demasiado pesado. Por favor, modifique su carrito para reducir su peso.
appsetshippingmethod_942649e42a59a56bd717acc3fed307b8,La selección de producto no puede ser entregado por el portador (s) disponible. Por favor, modifique su carrito.
appsetshippingmethod_7c013b3defbf4cec9cd69f2e99a8d84c,La selección de producto no puede ser entregado por el portador (s) disponible: su tamaño no encaja. Por favor, modifique su carrito para reducir su tamaño.
appsetshippingmethod_78c46e5c6e68799668e5b0af361e8e5d,No hay transportistas que entregan a algunas direcciones que haya seleccionado.
appsetshippingmethod_3ce77aba56f064e8e177a01a7d88d415,No hay transportistas que entregan a una dirección que ha seleccionado.
appsetshippingmethod_d049e05d0babc4c1643c4b36397be24d,No hay transportistas que entregan a la dirección que ha seleccionado.
appsetshippingmethod_51dfe3dfbcd0ea5974aba6663a660a2b,Sin Envío Método Requerido
appsetshippingmethod_b24ce0cd392a5b0b8dedc66c25213594,Gratis
appsetshippingmethod_6e15f72a51837e528df003792a367360,No Disponible Envío Método
appsetshippingmethod_e01c4498102e120635a233f6ece469da,No se puede obtener detalles de la dirección de facturación
appsociallogin_bc9b4a91502bd9531dc9d7b544855a7a,datos sociales no está disponible.
appsociallogin_23449e6c6fb211fb8bf12eae126cf555,Iniciar sesión de usuario con éxito
appupdateaddress_5058fb0856b024c6a3c18d8e0c764157,dirección de envío se ha actualizado correctamente.
appupdateaddress_432100411a1c9a89bf06133afe8b96ce,Se produjo un error al agregar su dirección.
appupdateaddress_eeabead01c6c6f25f22bf0b041df58a9,Debe registrar al menos un número de teléfono.
appupdateaddress_66ed24fd1b91e55ae0ad7fdb4ed251c7,Este país requiere que se eligió un Estado.
appupdateaddress_3dc3fe315fc270e7425b12e157e4619d,Este país no está activo.
appupdateaddress_78f66140209a4979028fb80f21be5a44,El Postal / Código Postal que \ 've introducida no es válida. Se debe seguir el siguiente formato:% s
appupdateaddress_50b668816d2acbdb62484bb5ea5d25ab,Se requiere una Postal / Código Postal.
appupdateaddress_e6c1e151f2554afad6c0d551046650e8,El Postal / Código Postal no es válido.
appupdateaddress_7c77177e0084c27161d63e7de535a1c6,El número de identificación es incorrecta o ya se ha utilizado.
appupdateaddress_355169a606c66a6a39b8d23609f7329e,El alias% s ya se ha utilizado. Por favor seleccione otro.
appupdateaddress_a00acc9b49d721d1e3006715a0ce7014,La dirección de correo electrónico no es válida
appupdateaddress_dcf951059ca444f87d296d3b192783e6,Cliente con este correo electrónico no existe
appupdatecartquantity_e61f52d02b9f52fbe1fd41ed320e29c3,Carro no encontrado
appupdatecartquantity_694e8d1f2ee056f98ee488bdc4982d73,Cantidad
appupdatecartquantity_6665e3761028c84e1d228de3432229ed,SKU
appupdatecartquantity_287234a1ff35a314b5b6bc4e5828e745,atributos
appupdatecartquantity_604279a9bb5369542695f2ad9e6185ca,El precio total (sin IVA).
appupdatecartquantity_ada0f55ef37f4928c5cd970f378c15e8,vales totales
appupdatecartquantity_7c166105b10b8a6a0c0f1c6540f5cd5e,envoltura total regalo
appupdatecartquantity_f4e8b53a114e5a17d051ab84d326cae5,envío total
appupdatecartquantity_c6995d6cc084c192bc2e742f052a5c74,¡Envío gratis!
appupdatecartquantity_b602e0d0c6a72053d0a5be60cb2f8126,Total impuestos
appupdatecartquantity_f3547ae5e06426d87312eff7dda775aa,Precio total
appupdatecartquantity_ec1f68c64fcaf8260cfacf58cd4d4af7,Aprovecha nuestras ofertas exclusivas
appupdatecartquantity_83af0c74c4cd7eef63a11d3ba7e48fda,Datos de producto no se encuentra.
appupdatecartquantity_1f4c1c7eb53c734122abd654be5f8164,Cantidad debe ser mayor que cero.
appupdatecartquantity_dfbe69c6d9568ecb0e65e7b32ed92a3a,Producto no encontrado
appupdatecartquantity_91e6cde963af2000218553722fc7a093,Este producto ya no esta disponible.
appupdatecartquantity_4d2c41ad87059d5fd9ea5283cee720a5,Hay ISN t de producto suficiente \ 'en stock.
appupdatecartquantity_0d38c90d843c787c0be14f790998210c,Debe añadir la cantidad mínima d%
appupdatecartquantity_de10fc28511b894f704c1a67fcff7b4f,Ya tiene la cantidad máxima disponible para este producto.
appupdatecartquantity_14d4a4be033fb0076188581e0ab67808,Producto actualizado correctamente
appupdatecartquantity_ce395fa164eff74838bd51a583fb3b65,No se encontraron cambios en la cantidad.
appupdateprofile_7ffc7db3c8072a468937761b9fa9583c,Nombre inválido.
appupdateprofile_5226b39ad81c6d482af27920b0d532ae,Apellido no válido.
appupdateprofile_54084a1c09c68221979d134e9613ef84,La contraseña que ha ingresado es incorrecta.
appupdateprofile_f02a41f3e448d379e3c06d39bd3cc4de,La contraseña y la confirmación no coinciden.
appupdateprofile_626295ee4555407394df3e9998e1fc19,Contraseña invalida
appupdateprofile_c1e500b0e2c09aa39a86bb1a5ea129ca,Información Personal actualizado correctamente.
appupdateprofile_4a26ddbc1e75f300f27d3ba1f36fcb63,La información no puede ser actualizado.
appupdateprofile_c56f8985cdec11f87c16beebf6a58b62,La información personal no se encuentra.
appupdateprofile_b65db11517e70558e870ea4bc6dfbf0e,no es existir cliente con este correo electrónico.
appupdateprofile_0e042db7a9a38d0d1c833dd4c141d77d,dirección de correo electrónico o no es válido.
appgetaddressform_ae7bdef7fe2bbbbf02c11e92c5fceb40,Mi dirección
appgetcartdetails_362dec2f2247134cd9d3cefbcb1c9a6e,Costo adicional de
appgetfilters_9e2941b3c81256fac10392aaca4ccfde,Condición
appgetfilters_c0bd7654d5b278e65f21cf4e9153fdb4,Fabricante
appgetfilters_3601146c4e948c32b6424d2c0a7f0118,Precio
appgetorderdetails_694e8d1f2ee056f98ee488bdc4982d73,Cantidad
appgetorderdetails_6665e3761028c84e1d228de3432229ed,SKU
appgetorderdetails_9dffbf69ffba8bc38bc4e01abf4b1675,Texto
appgetorderdetails_b0f79042ac83c64f3ccc42268c8ade26,Productos totales
appgetorderdetails_ada0f55ef37f4928c5cd970f378c15e8,vales totales
appgetorderdetails_7c166105b10b8a6a0c0f1c6540f5cd5e,envoltura total regalo
appgetorderdetails_f4e8b53a114e5a17d051ab84d326cae5,envío total
appgetorderdetails_f3547ae5e06426d87312eff7dda775aa,Precio total
appgetsellerproducts_26380f3c8aeeb67ff17d9f961e09e045,Identificación del vendedor no se encuentra
appgetsellerproducts_a5d37da2d02dcb1893938c19016a3834,El vendedor no encontrado
appgetsellerproducts_b1c94ca2fbc3e78fc30069c8d0f01680,Todos
appgetsellerproducts_49ee3087348e8d44e1feda1917443987,Nombre
appgetsellerproducts_3601146c4e948c32b6424d2c0a7f0118,Precio
appgetsellerproducts_0c43922c2fd0b2886820ce8d59d0a425,ARIZONA
appgetsellerproducts_b45a57134da0f07ba49d5b99713855fa,Z-A
appgetsellerproducts_6b26ffddeab191d3a45e641f47ff780c,Bajo a alto
appgetsellerproducts_4bc0df4deaccf71b305d791e1e3b6f76,De alto a bajo
appgetsellerreviews_26380f3c8aeeb67ff17d9f961e09e045,Identificación del vendedor no se encuentra
appgetsellerreviews_a5d37da2d02dcb1893938c19016a3834,El vendedor no encontrado
appgetsellers_4c555a8b12ac7069095ae1dd3bf43c7e,No mencionado
appsavesellerreview_26380f3c8aeeb67ff17d9f961e09e045,Identificación del vendedor no se encuentra
appsavesellerreview_a5d37da2d02dcb1893938c19016a3834,El vendedor no encontrado
appsavesellerreview_b494ce60923c04e8e4c91b0d47177d95,Necesario iniciar sesión
appsavesellerreview_ffb5972c963f37cdc76e79c8ab636e74,No es capaz de enviar su evaluación. Título o comentario no se encuentra.
appsavesellerreview_ed24e2b88b32983fb74e58cbc7e02038,No se puede guardar la revisión como la opción está desactivada por admin
appsavesellerreview_dfcf16c470a033996c2d1b56340dc2d7,Tu opinión se ha enviado correctamente y se muestra a los demás después de obtener la aprobación de la tienda.
appsavesellerreview_63ef1b9280784b89d4476f66396fc5dd,Tu opinión se ha enviado correctamente.
appsavesellerreview_b4d8c9132ae2d46618be30173e75b6ef,En este momento, el sistema no es capaz de enviar su evaluación. Por favor, inténtelo de nuevo más tarde
contact-form_bbaff12800505b22a853e8b7f4eb6a22,Contacto
contact-form_2273d1167a6212812d95dc8fadbae78e,Servicio al cliente
contact-form_d754a9e8cb640da12849a040f3ca8176,Tu respuesta
contact-form_02d4482d332e1aef3437cd61c9bcc624,Contáctenos
contact-form_4ec1c39345fe8820d68463eea8803b0f,Su mensaje ha sido enviado con éxito a nuestro equipo.
contact-form_7c9d4636fc5ed97bb78bc2aac486beab,Su mensaje ha sido enviado.
contact-form_b3e4d8d61f99bac80e6aa1774d73445b,enviar un mensaje
contact-form_6c27c08f40e1b0d9901deb9ff5f722f7,Cabecera
contact-form_7bc873cba11f035df692c3549366c722,-- Escoger --
contact-form_b357b524e740bc85b9790a0712d84a30,Dirección de correo electrónico
contact-form_5d4710f9a8250b13164a82c94d5b00d1,Pedir Referencia
contact-form_deb10517653c255364175796ace3553f,Producto
contact-form_13d6078da2e6592822ede083931d6826,Adjuntar archivo
contact-form_4c2a8fe7eaf24721cc7a9f0175115bd4,Mensaje
contact-form_94966d90747b97d1f0f206c98a8b1ac3,Enviar
contact-form_f787618e514c038851726224d7e4421e,Ningún archivo seleccionado
contact-form_e635032a5f71d809146d3872389f5b0c,Elija el archivo
order-opc_a40cab5994f36d4c48103a22ca082e8f,Tu carrito de la compra
order-opc_78fa1019f9a9759b45c76e186393756f,No se aceptó su nueva orden.
order-opc_879f6b8877752685a966564d072f498f,Su cesta está vacía.
order-opc_1f87346a16cf80c372065de3c54c86d9,(impuestos incluidos)
order-opc_21034ae6d01a83e702839a72ba8a77b0,(Tasas excluídas.)
order-opc_ea295188b69aa5e04810abcc38b2b2be,has sido seleccionado
order-opc_9504d494016e17a6de7e7b51da637bc4,Ninguna compañía ha sido seleccionada
order-opc_238a062a6a2543fd85d6616a8506fbe8,No se necesita ningún soporte para este fin
order-opc_2e75f367f058646a1ba2fd01ceb74423,No es necesario aceptar las condiciones del servicio para este fin.
order-opc_d236af51d8eac54fe7c366af1f6b358c,Los términos de servicio han sido aceptados
order-opc_25d8efaba32cb44a922a727f20eaa002,Los términos de servicio no han sido aceptados
order-opc_4ce81305b7edb043d0a7a5c75cab17d0,Ahi esta
order-opc_fe816ec4b30c11a39edfd8b0a4cfab49,Error (s)
order-opc_af0f5bdc5be121b9307687aeeae38c17,Dirección de entrega
order-opc_601d8c4b9f72fc1862013c19b677a499,Dirección de facturación
order-opc_449374f661344e843453c4e189ddeed8,Modificar mi dirección
order-opc_d87f73e8ff8d933ed2ba5ddf25040827,Pedido instantánea
order-opc_ad52144224a9fb9e04b8b9ef22ce36f7,Por favor, comienza seleccionando una dirección.
order-opc_b24ce0cd392a5b0b8dedc66c25213594,Gratis
order-opc_da9d6ec2998a07c31ec9eb93c9f254ed,Su dirección de facturación
order-opc_8a8c9edb5531fa2f822295d1830d090f,tu dirección de entrega
order-opc_06933067aafd48425d67bcb01bba5cb6,Actualizar
app_text_category_products,Categoría
app_text_demo_app_user_form,Rellene los detalles!
app_text_full_name_demo_app_user,Tu nombre*
app_text_email_demo_app_user,Email*
app_text_store_url_demo_app_user,Su tienda Url *
app_text_continue_demo_app_user_form,Continuar
app_text_invalid_url,URL no válida tienda!
app_text_invalid_email,¡Email inválido!
app_text_search,Buscar
app_text_shopping_bag,Bolsa de la compra
app_text_check_out,Revisa
app_text_no_internet,Problema de Internet
app_text_product_image_viewer,Visualizador de imágenes del producto
app_text_payment_methods,Métodos de pago
app_text_wishlist,Lista
app_text_seller_comments,Vendedor Comentario (s)
app_text_home,Casa
app_text_category,categorías
app_text_login,Iniciar sesión
app_text_logout,Cerrar sesión
app_text_login_signup,Iniciar sesión Registrarse
app_text_account,Mi cuenta
app_text_contact,Contáctenos
app_text_about,Sobre nosotros
app_text_add_to_wishlist,Añadir a la lista de deseos
app_text_add_to_cart,añadir a la cesta
app_text_off,apagado
app_text_all,Todos
app_text_languages,Idioma (s)
app_text_sort,Ordenar
app_text_filter,Filtrar
app_text_sort_order,Seleccione el orden de clasificación
app_text_price_asce,Precios de barato a caro
app_text_price_desc,Precio: de mayor a menor
app_text_product,Producto
app_text_select,Seleccionar
app_text_instock,En stock
app_text_outstock,Agotado
app_text_product_info,Información del producto y de atención
app_text_customization,Personalización del producto
app_text_accessories,Accesorios
app_text_view_less,Ver menos
app_text_view_more,Ver más
app_text_provide_details,por favor proporcione detalles
app_text_bag,Bolsa de la compra
app_text_apply_voucher,aplicar vale
app_text_entry_voucher_code,Ingrese código de descuento
app_text_apply,Aplicar
app_text_gift,Papel de regalo
app_text_entry_message,Ingrese su mensaje
app_text_available_first,Envia los productos disponibles primero
app_text_continue_shopping,Seguir comprando
app_text_continue_checkout,Continuar a la comprobación
app_text_update_quantity,Cantidad de actualización
app_text_enter_quantity,Introduzca la cantidad
app_text_empty_cart,Su Carro está vacío!
app_text_goto_home,Ir a la página de inicio
app_text_review_your_order,Revise su orden
app_text_add_new_shipping_address,Agregar nueva dirección
app_text_history,Detalles de envío
app_text_summary,Resumen del pedido
app_text_shipping_methods,Métodos de envío
app_text_comment,comentario de la orden
app_text_payment_summary,Resumen de pago
app_text_proceed,Proceder al pago
app_text_make_payment,Hacer el pago
app_text_congratulations,Felicidades
app_text_addresses,Dirección (s)
app_text_order_detail,Detalle de la orden
app_text_update_personal,Actualización de Datos Personales
app_text_update_password,Actualiza contraseña
app_text_current_password,contraseña actual
app_text_new_password,Nueva contraseña
app_text_confirm_password,Confirmar contraseña
app_text_cancel,Cancelar
app_text_save,Salvar
app_text_order_ref,Pedir Referencia
app_text_status,Estado
app_text_placed,Colocado en
app_text_reorder,reordenar
app_text_order_details,Detalles fin
app_text_status_history,Historia de estado
app_text_shipping_address,Dirección de Envío
app_text_order_summary,Resumen del pedido
app_text_shipping_method,Método de envío
app_text_payment_method,Método de pago
app_text_gift_wrapping,Envoltorio de regalo
app_text_no_shipping_address,No hay ninguna dirección de envío disponible!
app_text_no_order_details,No hay detalles de la orden disponible!
app_text_signup,Regístrate
app_text_continue_guest,Continua como invitado
app_text_email,Email
app_text_password,Contraseña
app_text_forgot_password,Se te olvidó tu contraseña
app_text_login_social_account,Puede iniciar sesión con la cuenta social.
app_text_login_with_google,Sesión con Google+
app_text_login_with_facebook,Iniciar sesión con Facebook
app_text_signup_with_google,Registrate con Google+
app_text_signup_with_facebook,Registrate con Facebook
app_text_msg_enter_valid_email,¡Por favor introduzca un correo electrónico válido!
app_text_msg_enter_email,Por favor, introduzca correo electrónico!
app_text_msg_enter_password,¡Por favor, ingrese contraseña!
app_text_msg_password_characters_less_than_3,Por favor, introduzca la contraseña con caracteres más que o igual a 3!
app_text_msg_first_name,Nombre de pila
app_text_msg_last_name,Apellido
app_text_msg_dob,Fecha de nacimiento
app_text_msg_confirm_password,Confirmar contraseña
app_text_msg_personal_details,Detalles personales
app_text_msg_pass_not_matched,Contraseña y confirmación de contraseña no coinciden!
app_text_sold_by,Vendido por:
app_text_write_review,Escribir un comentario
app_text_view_review,Ver Comentario (s)
app_text_view_seller_products,Ver producto del vendedor (s)
app_text_wait,por favor espera
app_text_loading,Cargando datos...
app_text_msg_went_wrong,Algo salió mal. Inténtalo de nuevo.
app_text_msg_no_internet_found,No se encontró conexión a Internet.
app_text_msg_no_internet_title,Sin internet
app_text_msg_request,La solicitud no puede ser proceso. Esto podría ser debido a la conexión a Internet lenta.
app_text_msg_order_placed_email,Su pedido ha sido realizado successfully.You recibirá un correo electrónico con respecto a la misma.
app_text_msg_product_look,Usted puede mirar para el producto (s) por su categoría.
app_text_msg_search_product,Puede buscar cualquier producto en el almacén de texto o de voz!
app_text_msg_view_cart,Puede ver carro de compras con la cantidad!
app_text_msg_logout,Usted está cerrar la sesión correctamente!
app_text_msg_view_product,Puede ver el producto en la lista o en el modo de rejilla!
app_text_msg_sort_product,Puede clasificar el producto por su precio!
app_text_msg_filter_product,Puedes realizar un filtrado del producto (s) según su necesidad!
app_text_text_next,Siguiente
app_text_text_okay,Bueno
app_text_required,Necesario
app_text_msg_rating,Por favor, seleccione calificación
app_text_msg_add_cart,Puede añadir el producto a la cesta simplemente haciendo clic en el botón \ 'Añadir a la Cesta \'!
app_text_msg_add_wishlist,Puede añadir a lista de productos con un simple clic en el botón \ 'Agregar a la lista \'!
app_text_msg_product_price,Precio del producto ha sido actualizado!
app_text_msg_product_not_available,Este producto no está a la orden!
app_text_msg_combination,Esta combinación no existe para este producto. Por favor, seleccione otra combinación.
app_text_msg_product_no_stock,Este producto no está disponible en la cantidad deseada o no en la acción!
app_text_msg_out_stock,Algunos de los productos en el carrito no están disponibles en la cantidad deseada o no en la acción. Por favor, elimine dicho producto (s) del carrito!
app_text_msg_checkout_products,Puedes retirar los productos en la cesta simplemente haciendo clic en el botón 'Continuar con la comprobación'.
app_text_msg_apply_voucher,Puede aplicar cupón al carrito de la compra!
app_text_msg_update_quantity,Puede actualizar la cantidad del producto o eliminarlo de carrito de la compra!
app_text_msg_view_details,Puede ver los detalles del producto haciendo clic en la imagen del producto!
app_text_msg_success,¡Éxito!
app_text_msg_failure,¡Fracaso!
app_text_msg_enter_quantity,Por favor, introduzca la cantidad
app_text_quantity,Cantidad
app_text_remove,retirar
app_text_customization_details,Detalles de la personalización
app_text_msg_add_address,Puede agregar nueva dirección de envío haciendo clic en el botón!
app_text_msg_update_address,Puede actualizar la dirección de envío!
app_text_msg_select_address,Se puede seleccionar cualquier dirección de envío simplemente haciendo clic en él!
app_text_select_address_text,* Por favor, seleccione la dirección de envío que revise su orden.
app_text_msg_no_product,No hay productos disponibles!
app_text_msg_no_comment_available,No hay comentarios (s) disponible!
app_text_msg_reset_password,Puede restablecer su contraseña haciendo clic 'Forget Password`
app_text_msg_login,Puede entrar en la tienda de aquí!
app_text_msg_login_fb,También puede iniciar sesión en el almacén de su cuenta de Facebook!
app_text_msg_login_google,También puede iniciar sesión en el almacén de su cuenta de Google!
app_text_msg_update_profile,Puede actualizar los datos de su perfil, detalles de envío o ver los detalles del pedido de aquí!
app_text_product_info_and_care,Información del producto y de atención
app_text_download,Descargar
app_text_minimal_quantity,Cantidad mínima
app_text_seller_details,Detalles del vendedor
app_text_pack_content,contenido del pack
app_text_submit,Enviar
app_text_msg_forget_password,Introduzca la dirección de correo electrónico asociada con su cuenta. Presione el botón enviar su contraseña enviada por correo electrónico.
app_text_enter_your_email,Introduce tu correo electrónico
app_text_reset_password,Restablecer la contraseña
app_text_view_selected_filter,Puede ver el resultado de su filtro seleccionado haciendo clic en esta imagen!
app_text_clear_selected_filter,Puede limpiar el filtro aplicado haciendo clic en esta imagen!
app_text_no_filter,Sin filtros
app_text_phone_number_required,* Debe registrar al menos un número de teléfono
app_text_refresh,Refrescar
app_text_internet_connection_failed,Falló la conexión a Internet!
app_text_internet_connection_problem,Es posible que haya algún problema con su conexión a Internet. Por favor, compruebe.
app_text_cancel_transaction,transacción de la cancelación
app_text_middle_of_payment,Usted está en el medio de su proceso de transacción de pago. ¿Realmente quiere cancelar su transacción?
app_text_yes,Sí
app_text_no,No
app_text_enter_your_comment,Introduzca su comentario
app_text_msg_shipping_methods_unavailable,Desde hace algún producto (s), los métodos de envío no están disponibles. Por favor, elimine dicho producto (s) del carrito y vuelve a intentarlo.
app_text_msg_select_shipping_methods,Por favor, seleccione el método de envío
youtube_api_key,AIzaSyA1UXXtMmvYcsJpcUMCXRENdi_gDYXPpe0
server_not_found,Servidor no encontrado
authorization_error,Error de autorización
check_internet_connection,Conexión de red Error.Please compruebe su conexión a Internet
parse_error,Analizar errores en la API
app_text_share_log,Compartir Conectarse
app_text_payment_failed_contact_support,Su pedido no se pudo procesar. de soporte de contacto para cualquier consulta amablemente
app_text_choose_payment_method,Elige el método de pago
app_text_no_payment_method,No hay forma de pago (s) encontrado!
app_text_no_payment_currently,No hay método de pago actualmente.
app_text_no_make_payment,Usted ganó \ 't ser capaz de hacer el pago ya que esta aplicación móvil está configurado para fines de demostración.
app_text_make_payment_after_select,Usted puede hacer el pago después de seleccionar cualquier método de pago!
app_text_title_paypal_payment,Pago de PayPal
app_text_order_total_price,Pide precio total
app_text_user_cancelled_the_payment,Usuario ha cancelado el pago
app_text_invalid_payment_try_again,el pago válido. Amablemente vuelve a intentarlo
app_text_wishlist_item_removed,Se eliminó el elemento de lista de deseos.
app_text_wishlist_item_added,Elemento añadido a la lista
app_text_subject,¡Oye mira esto!
app_text_text_extra_share,Disponible aquí :
app_text_share_intent_title,Compartir
app_text_error_product_name_url,El nombre del producto o URL puede estar vacío.
app_text_tag_error,Error
app_text_view_your_store,Ver su tienda
app_text_view_demo,Ver la demostración
app_text_currency,Moneda (s)
app_text_same_as_shipping_details,Lo mismo que la dirección de envío
app_text_billing_details,Detalles de facturación
app_text_shipping_addresses,Dirección (s) de envío
app_text_billing_addresses,Dirección (s) de facturación
app_text_billing_address,Dirección de Envio
app_text_sellers,vendedores
app_text_seller,Vendedor
app_text_seller_shipping_policy,Politica de envios
app_text_seller_return_policy,Politica de devolucion
app_text_review_title,título *
app_text_review_comment,comentario *
app_text_review_rating,Puntuación *
app_text_filter_products,Filtro del Producto (s)
app_text_select_category,selecciona una categoría
app_text_select_sort,Seleccione Ordenar
app_text_clear,Claro
app_text_edit,Editar
app_text_cart,Carro
app_text_move_to_cart,Mover a la cesta
app_text_no_shipping_method_available,Ningún método de envío Disponible
app_text_module_not_installed,Por favor, póngase en contacto con el administrador del sitio para ver los datos en esta página.
app_text_no_data_found,¡Datos no encontrados!
app_text_enter_coupon_code,Introduce el código de cupón
app_text_apply_coupon,Aplicar cupón
app_text_add_more_in_cart,Añadir más en el carrito para colocar este orden
app_text_shipping_details,Detalles de envío
app_text_choose_app_theme,Elija su aplicación temático
app_text_enter_store_url,Introduzca la URL de su tienda
app_text_sample_store_url,Ej: http://your_store.com/
app_text_downloads,descargas
app_text_done,Hecho
app_text_posted_on,Publicado en:
app_text_commented_by,Por comentado:
app_text_seller_comment,Comentario:
app_text_open,Abierto
app_text_order_status,Abierto
app_text_special_products,productos especiales
app_text_product_information,Información del Producto
app_text_featured_products,Productos de la característica
app_text_requested_gift_order,Ha solicitado el embalaje de regalo para este fin
app_text_step_one_of_three,paso 1/3
app_text_review_checkout,Pedido opinión
app_text_your_wishlist_is_empty,¡Tu lista de deseos Esta vacía!
app_text_no_shipping_method,Ningún método de envío Disponible
app_text_no_order_found,Orden de no encontrado!
app_text_percent_off,% apagado
app_text_coupon_length_validation,caracteres del código de cupón debe ser mayor o igual a 4.
app_text_coupon_code_removed,cupón de descuento se ha eliminado correctamente!
app_text_facebook_login_cancelled,Facebook login ha sido cancelada.
app_text_facebook_login_failure,Facebook fallidos de acceso:
app_text_login_failed,¡Error de inicio de sesion!
app_text_wrong_url_install_mab,Es posible que haya entrado URL incorrecta o no has instalar nuestro módulo creador de aplicaciones para móviles.
app_text_install_module,instalar Módulo
app_text_text_loading,Cargando
app_text_text_exception,Excepción:
app_text_msg_reset_password_click,Puede restablecer su contraseña haciendo clic \ 'olvidar la contraseña \'!
app_text_login_from_here,Puede entrar en la tienda de aquí!
app_text_login_from_facebook_account,También puede iniciar sesión en el almacén de su cuenta de Facebook!
app_text_login_from_google_account,También puede iniciar sesión en el almacén de su cuenta de Google!
app_text_text_warning,¡Advertencia!
app_text_update_address_if_exists,Puede actualizar la dirección de envío o elegir cualquier otra dirección si existe!
app_text_continue_to_checkout_click_msg,Puedes retirar los productos en la cesta simplemente haciendo clic en el botón \ 'Continuar Pedido \'!
app_text_please_enter_store_url,Por favor, introduzca tienda de URL
app_text_product_not_desired_quantity,Algunos de los productos en el carrito no están disponibles en la cantidad deseada o no en la acción. Por favor, elimine dicho producto (s) del carrito!
app_text_select_shipping_methods,Elija un método de envío (s)
app_text_send_email,Enviar correo electrónico...
app_text_error_in_google_sign_in,Algún error en Google login.Please vuelve a intentarlo.
app_text_process_payment_problem,se produjo un error al procesar el pago. Amablemente vuelve a intentarlo.
app_text_text_state,Estado
app_text_update_address,Actualizar dirección
app_text_unit_price,Precio unitario
app_text_total_price,Precio total
app_text_text_totals,totales
app_text_text_success,¡Éxito!
app_text_sale,Venta
app_text_new,Nuevo
app_text_title_payment_paypal,Pago de PayPal
app_text_extra_share,Disponible aquí :
app_text_intent_title,Compartir
app_text_ok,DE ACUERDO
app_text_choose_your_app_theme,Elija su aplicación temático
app_text_terms_and_conditions,Términos y condiciones de uso
app_text_wishlist_only,Lista
app_text_wishlist_remove,Eliminar de lista
app_text_state_not_required,Estado que no sea necesario para el país seleccionado
app_text_currencies,Moneda (s)
app_text_payment_failed,se produjo un error al procesar el pago. Amablemente vuelve a intentarlo
app_text_entered_wrong_url,Es posible que haya entrado URL mal o no se ha instalado nuestro móvil bodule creador de aplicaciones.
app_text_choose_your_app_theme,Elija su aplicación temático
app_text_fill_all_required_fields,Rellene todos los campos obligatorios.
appgetwishlist_694e8d1f2ee056f98ee488bdc4982d73,Cantidad
appgetwishlist_6665e3761028c84e1d228de3432229ed,SKU
appgetwishlist_287234a1ff35a314b5b6bc4e5828e745,atributos
app_text_share_feedback,Compartir retroalimentación solicitud de cambio / Personalizado
app_text_install_whatsapp,Whatsapp no ​​está instalado en su dispositivo
app_text_no_account_registered,No se cuenta está registrada para la autenticación biométrica en este dispositivo. Por favor, para registrar una cuenta en primer lugar.
app_text_confirm_for_authentication,Confirmar su huella digital o la cara para autenticar.
app_text_login_with_fingerprint,Sesión con huellas dactilares
app_text_register_for_fingerprint,Iniciar sesión registrarse para huellas dactilares
app_text_biometric_not_available,La autenticación biométrica no está disponible para este dispositivo.
app_text_fingerprint_not_recognized,Touch ID no reconoce la huella dactilar. Por favor, inténtelo de nuevo con su huella digital registrada.
app_text_face_not_recognizes,Face ID no reconoce su cara. Por favor, intente de nuevo con su cara inscrito.
app_text_fingerprint_or_face_not_enrolled,Sin huellas dactilares / la cara inscrito en el dispositivo.
app_text_biometry_locked_out,La funcionalidad está bloqueado ahora, debido a demasiados intentos fallidos.
app_text_register_for_fingerpring,Registrarse para huellas dactilares
app_text_register_for_fingerprint_details,¿Quieres registrar esta cuenta para la funcionalidad de la huella digital. Una vez hecho esto, se puede iniciar sesión en esta cuenta sin necesidad de utilizar correo electrónico de identificación o contraseña, simplemente utilizando la verificación de huellas dactilares.
app_text_register,Registro
app_text_verify,Verificar
app_text_get_otp,Obtener OTP
app_text_mobile_number,Número de teléfono móvil
app_text_mobile_number_optional,Número de teléfono móvil (opcional)
app_text_error_number_verification,número de teléfono móvil no pudo ser verificada! Por favor, intente de nuevo con el número OTP correcta!
app_text_phone_number_already_exists,número de teléfono ya está registrado. Por favor, intente de nuevo con otro número de teléfono!
app_text_number_verification,Verificación número
app_text_number_verification_description,Es necesario para verificar el número de teléfono. Por favor, introduzca el número de teléfono y enviar
app_text_login_with_phone_number,Ingresar con número de teléfono
app_text_fingerprint_not_available,autenticación de huellas digitales no está disponible en este dispositivo!
app_text_fingerprint_not_enrolled,Sin huellas digitales incluidas en el dispositivo.
app_text_android_marshmallow_required,Al menos Android Marshmallow es necesaria para permitir la autenticación de huellas digitales.
app_text_fingerprint_error_try_again,Hay algún error con la huella digital. Inténtelo de nuevo o continuar sin huella digital!
app_text_fingerprint_wipe_sensor_try_again,Puede haber algo de polvo en el sensor de huellas digitales. Por favor, limpie y vuelva a intentarlo.
app_text_place_your_finger_on_sensor,Coloca el dedo en el sensor para continuar








































































































































